COMMENT:
p7
=================MODEL=================
NeuralNetwork(
  (neural_stack): Sequential(
    (0): Linear(in_features=8575, out_features=4096, bias=True)
    (1): LeakyReLU(negative_slope=0.01)
    (2): Linear(in_features=4096, out_features=2048, bias=True)
    (3): LeakyReLU(negative_slope=0.01)
    (4): Linear(in_features=2048, out_features=1024, bias=True)
    (5): LeakyReLU(negative_slope=0.01)
    (6): Linear(in_features=1024, out_features=512, bias=True)
    (7): LeakyReLU(negative_slope=0.01)
    (8): Linear(in_features=512, out_features=256, bias=True)
    (9): LeakyReLU(negative_slope=0.01)
    (10): Linear(in_features=256, out_features=128, bias=True)
    (11): LeakyReLU(negative_slope=0.01)
    (12): Linear(in_features=128, out_features=50, bias=True)
    (13): LeakyReLU(negative_slope=0.01)
    (14): Linear(in_features=50, out_features=30, bias=True)
    (15): LeakyReLU(negative_slope=0.01)
    (16): Linear(in_features=30, out_features=5, bias=True)
    (17): LeakyReLU(negative_slope=0.01)
    (18): Linear(in_features=5, out_features=1, bias=True)
    (19): Sigmoid()
  )
)
================OPTIMIZER================
Adam (
Parameter Group 0
    amsgrad: False
    betas: (0.9, 0.999)
    capturable: False
    decoupled_weight_decay: False
    differentiable: False
    eps: 1e-08
    foreach: None
    fused: None
    lr: 1e-05
    maximize: False
    weight_decay: 0
)
================LOSS FUNC================
BCELoss()
=================TIMES=================
[0.974022800000057, 0.9737918000000718, 0.9744415000004665, 0.9749922000000879, 0.9751194000000396, 0.9741027000000031, 0.974565900000016, 0.9759539000006043, 0.9795886000001701, 0.9788946999997279, 0.9786071999997148, 0.9791657000005216, 0.9779551999999967, 0.9786788000001252, 0.9779171999998653, 0.9783348999999362, 0.978896600000553, 0.9777936000000409, 0.9786481999999523, 0.9791178000004948, 0.979716499999995, 0.980987500000083, 0.9810488000002806, 0.97870519999924, 0.9815037999997003, 0.9799844999997731, 0.9809773000006317, 0.9807251000001997, 0.9800612000008186, 0.9810404999998354, 0.9799450000000434, 0.9800101000000723, 0.9814101000001756, 0.9808883999994578, 0.9815012999997634, 0.9810342999999193, 0.9810622999993939, 0.9810937000002014, 0.9811535999997432, 0.9809645999994245, 0.981897000000572, 0.9803529999999228, 0.9809866000005059, 0.980100400000083, 0.9805814000001192, 0.9814325999996072, 0.979795400000512, 0.9819365000003017, 0.9796303000002808, 0.9807329999994181, 0.9799474000001283, 0.9815158000001247, 0.9813862000000881, 0.9803867999999056, 0.9798625000003085, 0.9814693999996962, 0.9817862999998397, 0.9801591000004919, 0.9790416999994704, 0.9817819999998392, 0.9818323999998029, 0.9816596999999092, 0.9813316999998278, 0.9809144000000742, 0.9801697000002605, 0.9795605999997861, 0.9813776999999391, 0.9798194000004514, 0.9794330000004265, 0.980845600000066, 0.9804819000000862, 0.9803027000007205, 0.9813293999995949, 0.9684084000000439, 0.9772092000002885, 0.9809795000001031, 0.9769295999994938, 0.9800444000002244, 0.9804456000001665, 0.9776288000002751, 0.9803898999998637, 0.9800720000002912, 0.9798038999997516, 0.9825878000001467, 0.981988900000033, 0.9817091999993863, 0.9824661000002379, 0.9807495999993989, 0.9781151000006503, 0.9811885999997685, 0.9812009999996008, 0.9805906999999934, 0.9801606999999422, 0.9812291999996887, 0.9789574999995239, 0.9792908999997962, 0.9815072999999757, 0.9808364999998958, 0.9797662999999375, 0.981055500000366, 0.98149900000044, 0.9830974000005881, 0.9819520000000921, 0.980065900000227, 0.9803283999999621, 0.9811108999992939, 0.9803607000003467, 0.9812354999994568, 0.9807382999997571, 0.9784961999994266, 0.9804198000001634, 0.9791693999995914, 0.9815709999993487, 0.9820114000003741, 0.9804959000002782, 0.9792440000001079, 0.9832088000002841, 0.9804600999996183, 0.981827699999485, 0.9803369999999632, 0.9801342999999179, 0.9798117000000275, 0.9791771000000153, 0.9779142999996111, 0.9794022999994922, 0.9808397999995577, 0.9798821999993379, 0.9803270000002158, 0.9805421999999453, 0.9809023000007073, 0.9805053000000044, 0.9817911000000095, 0.9803034999995361, 0.9776836999999432, 0.9805428999998185, 0.9800929000002725, 0.9802803000002314, 0.9803111000001081, 0.9804167000002053, 0.9800709999999526, 0.9819820000002437, 0.9825908000002528, 0.9826860999992277, 0.9812029999993683, 0.9811548000006951, 0.9785621999999421, 0.9809658000003765, 0.980549300000348, 0.9804519999997865, 0.9801100000004226, 0.9808380000004036, 0.9786148000002868, 0.983333400000447, 0.9802932000002329, 0.9810660999992251, 0.9819448999996894, 0.9812510000001566, 0.9808327000000645, 0.9809392999995907, 0.9775496999991447, 0.9811795999994501, 0.9797736000000441, 0.979972799999814, 0.9797668000001067, 0.9817246000002342, 0.9820802999993248, 0.9813321000001451, 0.9827734999998938, 0.9820747000003394, 0.9814771999999721, 0.9826079000004029, 0.9804156000000148, 0.9824948000004952, 0.9826212000007217, 0.9810371000003215, 0.9802689999996801, 0.9808133999995334, 0.9797913000002154, 0.9827111999993576, 0.9805111999994551, 0.981652500000564, 0.9811977999997907, 0.9817769999999655, 0.9816446000004362, 0.9804831999999806, 0.9817461000002368, 0.9820228999997198, 0.9788991000004899, 0.9811055000000124, 0.9806939999998576, 0.9827538999998069, 0.9805799999994633, 0.9801643000000695, 0.9810033000003386, 0.980962499999805, 0.9829320999997435, 0.9820782000006147, 0.9825238000003083, 0.9828662999998414, 0.9776784000005136, 0.981569400000808, 0.979318400000011, 0.9811565999998493, 0.9813629000000219, 0.9817061000003378, 0.9813195999995514, 0.9813947000002372, 0.9808437000001504, 0.9803946000001815, 0.9815754999999626, 0.9825122000002011, 0.9821199999996679, 0.9810686000000715, 0.9801993000000948, 0.9821389999997336, 0.9792778000000908, 0.9797373999999763, 0.9807876000004399, 0.9819968000001609, 0.9799648999996862, 0.9810774999996283, 0.9812965000000986, 0.9827275999996345, 0.981575700000576, 0.9836164999996981, 0.9821893000007549, 0.9799739000000045, 0.9819915999996738, 0.9801496000000043, 0.9811679000004006, 0.9803460000002815, 0.9808871999994153, 0.9823199000002205, 0.9811444999995729, 0.9803059000005305, 0.9814071000000695, 0.9819476000002396, 0.9804232999995293, 0.9813385999996171, 0.9799874000000273, 0.9819677999994383, 0.9797763999995368, 0.9819611000002624, 0.9833664999996472, 0.9819637000000512, 0.9795926000006148, 0.9794733999997334, 0.9811543999994683, 0.9809503999995286, 0.9820153000000573, 0.9825975000003382, 0.9769194999998945, 0.9817299999995157, 0.9801410999998552, 0.9825119999995877, 0.979562900000019, 0.9814054999997097, 0.9812380000003031, 0.982168399999864, 0.9795362000004388, 0.9818781999993007, 0.9816737999999532, 0.9817411000003631, 0.9807274999993751, 0.9824259999995775, 0.9837704000001395, 0.9804461000003357, 0.9822735999996439, 0.9821010999994542, 0.9825071000004755, 0.9822045999999318, 0.9809046999998827, 0.9804200999997192, 0.9778114999999161, 0.9801962999999887, 0.9816181000005599, 0.9824045000004844, 0.9815348000001904, 0.9823315000003277, 0.978468399999656, 0.9817827999995643, 0.9802168999995047, 0.983737999999903, 0.9959509999998772, 0.9802948999995351, 0.9807340999996086, 0.978291899999931, 0.9813903000003847, 0.9842990999995891, 0.9797280000002502, 0.9796440000000075, 0.9809487000002264, 0.9794584999999643, 0.9807671999997183, 0.9804832999998325, 0.9800733000001856, 0.9812359000006836, 0.9818567999991501, 0.9815177999998923, 0.9805171999996674, 0.9813192999999956, 0.9801115999998729, 0.9813367999995535, 0.9790278999998918, 0.9817935999999463, 0.9803000000001703, 0.9804821000006996, 0.9805264000005991, 0.9704732999998669, 0.9806638000000021, 0.9821050999998988, 0.9815576000000874, 0.9806672000004255, 0.9816892999997435, 0.9822111000003133, 0.9807113000006211, 0.9812635999996928, 0.9807968999994046, 0.9797409000002517, 0.9806042999998681, 0.9811223999995491, 0.9802865999999995, 0.9815291000004436, 0.9812712999992073, 0.9812807999996949, 0.9777186999999685, 0.9813450999999986, 0.9814537000002019, 0.9811221999998452, 0.9807362000001376, 0.9803570000003674, 0.977918900000077, 0.9805341999999655, 0.9806485999997676, 0.9802193000004991, 0.9816891000000396, 0.9781152999994447, 0.9777651999993395, 0.9810981000000538, 0.9804828000005728, 0.9810666000003039, 0.9811218999993798, 0.9794542999998157, 0.9810675000007905, 0.9829866999998558, 0.9800506000001405, 0.980439999999362, 0.9820323000003555, 0.9812842000001183, 0.9813430000003791, 0.9802043999998205, 0.9823221000006015, 0.9819418000006408, 0.978934499999923, 0.9806437999995978, 0.9800082000001566, 0.983072799999718, 0.9807485999999699, 0.9812197999999626, 0.9815214999998716, 0.9816037999999025, 0.9802186999995683, 0.9820662000001903, 0.9767698999994536, 0.9817409999996016, 0.9809124000003067, 0.9817200000006778, 0.9810213000000658, 0.9755335999998351, 0.982025799999974, 0.9796576000007917, 0.9797779000000446, 0.9808761000003869, 0.979727300000377, 0.9804049000003943, 0.981655900000078, 0.9808317999995779, 0.9799087000001236, 0.9819806000004974, 0.9808462000000873, 0.9809818999992785, 0.9808586999997715, 0.9810074999995777, 0.9806321999994907, 0.9802966000006563, 0.9759023999995406, 0.9796059999998761, 0.9839917999997851, 0.977557700000034, 0.9792693000008512, 0.9805844000002253, 0.979754299999513, 0.9819239000007656, 0.9812796000005619, 0.9812267999996038, 0.9807953999998062, 0.9805919999998878, 0.9788170000001628, 0.9800670000004175, 0.9803605000006428, 0.9816344000000754, 0.9788969000001089, 0.9800242000001163, 0.9763343999993594, 0.980950600000142, 0.9817913999995653, 0.9822795999998561, 0.9792790000001332, 0.9803111000001081, 0.9816547999998875, 0.981090100000074, 0.9784211999995023, 0.9812798999992083, 0.9817665000000488, 0.9823022000000492, 0.9817001000001255, 0.9814790000000357, 0.9810515999997733, 0.9807975000003353, 0.9828264999996463, 0.9805722999999489, 0.9820050999996965, 0.9818325999995068, 0.9777801999998701, 0.9803007999998954, 0.9787667000000511, 0.9802247000006901, 0.9804927000004682, 0.9810463000003438, 0.9810773999997764, 0.9830780000002051, 0.9787492000004931, 0.9811429999999746, 0.9817979999997988, 0.9823060000007899, 0.9811407000006511, 0.9814658000004783, 0.9807164000003468, 0.9766783999994004, 0.9798694999999498, 0.9796155000003637, 0.9792391000000862, 0.9802257000001191, 0.979227499999979, 0.9744729999993069, 0.9811678000005486, 0.980654300000424, 0.9809562999998889, 0.981838599999719, 0.9802652999997008, 0.9810026000004655, 0.9812141000002157, 0.980285300000105, 0.9805041999998139, 0.9819201000000248, 0.9813330000006317, 0.9806440999991537, 0.9788648000003377, 0.981568299999708, 0.9797680000001492, 0.9802236000004996, 0.9801776000003883, 0.9806275000000824, 0.9809488000000783, 0.9799959000001763, 0.9789667000004556, 0.9802092999998422, 0.9783682000006593, 0.9797173000006296, 0.9846003000002383, 0.9810102999999799, 0.9807081999997536, 0.9815321999994921, 0.9813407999999981, 0.9816789999995308, 0.9797761999998329, 0.9806226000000606, 0.9785458999995171, 0.9785966999997981, 0.9790980999996464, 0.9800113000001147, 0.9803858000004766, 0.9794621000000916, 0.981547700000192, 0.9822300999994695, 0.9805421000000933, 0.9822622000001502, 0.9795927999994092, 0.9812025999999605, 0.9803637999993953, 0.9803046999995786, 0.9796380000007048, 0.9813278999999966, 0.9799415000006775, 0.980643500000042, 0.9805163000000903, 0.982861899999989, 0.980447699999786, 0.9811369999997623, 0.9817414999997709, 0.9812136000000464, 0.9799937000007048, 0.9818060999996305, 0.9802020000006451, 0.980352500000663, 0.9792124999994485, 0.9805768000005628, 0.9782609000003504, 0.9797988999998779, 0.980782999999974, 0.9826637000005576, 0.9806441999999151, 0.9811150999994425, 0.9810202999997273, 0.9794943999995667, 0.9800237999997989, 0.978954999999587, 0.9787587999999232, 0.9811425999996573, 0.9808953000001566, 0.9789441000002626, 0.9812066999993476, 0.9807152000003043, 0.9804525999998077, 0.9803715999996712, 0.9794885999999678, 0.9820503999999346, 0.9783506000003399, 0.9798846000003323, 0.9737103000006755, 0.9782479000004969, 0.9787344999995184, 0.980532100000346, 0.9804186999999729, 0.9803554999998596, 0.9807001999997738, 0.980669300000045, 0.980514600000788, 0.9807576000002882, 0.9802983999998105, 0.9817432999998346, 0.9815767000000051, 0.9794500999996671, 0.9810204000004887, 0.9811306999999942, 0.9789060000002792, 0.9769879000004948, 0.9792663999996876, 0.9807035000003452, 0.9782043000004705, 0.979569399999491, 0.9811718000000837, 0.9815875000003871, 0.9809775000003356, 0.9803069999998115, 0.9799455000002126, 0.9798135999999431, 0.9794934999999896, 0.9796694000006028, 0.9786629000000175, 0.9807025999998586, 0.9788877999999386, 0.9793992000004437, 0.9812127000004693, 0.9812873999999283, 0.9811207000002469, 0.9805796999999075, 0.9810690000003888, 0.9802463000005446, 0.9803194999994957, 0.978263899999547, 0.9797710000002553, 0.9801891000006435, 0.9775375000008353, 0.9805235000003449, 0.9792216000005283, 0.9803282999992007, 0.9814079999996466, 0.9834975000003396, 0.9755520999997316, 0.9795301000003747, 0.9783412999995562, 0.9779886000005718, 0.9808831000000282, 0.9796757999993133, 0.9783722000001944, 0.9805389000002833, 0.9812138999996023, 0.9817084999995132, 0.9814790000000357, 0.9795086000003721, 0.9817097000004651, 0.9810003000002325, 0.9824899999994159, 0.9788980000002994, 0.9775646999996752, 0.9786302000002252, 0.9793828000001668, 0.9794710999995004, 0.9810098999996626, 0.9807086000000709, 0.9778041999998095, 0.978436899999906, 0.9825972000007823, 0.9809132000000318, 0.9829917999995814, 0.9814311000000089, 0.9781822000004468, 0.9807463999995889, 0.9803657000002204, 0.9800559000004796, 0.9807686000003741, 0.9791544000008798, 0.9809567000002062, 0.9808259000001271, 0.9805056000004697, 0.9817036999993434, 0.9813885000003211, 0.9817144999997254, 0.9823768999995082, 0.9787851000000956, 0.9802469999995083, 0.9792422000000442, 0.9806139000002077, 0.9805902000007336, 0.9809479000005012, 0.981952099999944, 0.9807665000007546, 0.9819858999999269, 0.9829435999999987, 0.9806665999994948, 0.9805214000007254, 0.9811929000006785, 0.9811542999996163, 0.9798304000005373, 0.9820412999997643, 0.9802355000001626, 0.9794283000001087, 0.9792327999994086, 0.9803761000002851, 0.9793302000007316, 0.9800882999998066, 0.9810376000004908, 0.9822231999996802, 0.9824126000003162, 0.981946799999605, 0.9792884000007689, 0.9807215999999244, 0.9801531000002797, 0.9817591999999422, 0.9803440000005139, 0.9797277999996368, 0.9803943999995681, 0.9798241000007692, 0.9797831000005317, 0.9810496999998577, 0.9810245000007853, 0.9814941999993607, 0.9804561000000831, 0.9794886999998198, 0.9823800999993182, 0.9804501999997228, 0.9794903000001796, 0.980458500000168, 0.978965899999821, 0.9808998999997129, 0.9801117999995768, 0.9800562999998874, 0.9805333999993309, 0.9812184000002162, 0.9815762999996878, 0.978956200000539, 0.9797566999995979, 0.9804167000002053, 0.9811512999995102, 0.9796598000002632, 0.9796884999996109, 0.9803062999999383, 0.9787483000000066, 0.9791644000006272, 0.9802516999998261, 0.980037700000139, 0.9829119000005448, 0.9789327000007688, 0.9805089999999836, 0.9824228999996194, 0.981704400000126, 0.9821701000000758, 0.9798867999998038, 0.9797505000005913, 0.9799574999997276, 0.977215900000374, 0.9811471000002712, 0.979201600000124, 0.9802413000006709, 0.9822337000005064, 0.9814894999999524, 0.9821744000000763, 0.9809431999992739, 0.9812626000002638, 0.9814046000001326, 0.9801232999998319, 0.9775159999999232, 0.9794372000005751, 0.980521299999964, 0.9808601999993698, 0.9814415000000736, 0.9783307999996396, 0.9804059999996753, 0.9805178000005981, 0.9801329000001715, 0.9817246000002342, 0.9814169999999649, 0.9790313000003152, 0.9786683000002085, 0.9797896999998557, 0.9786971000003177, 0.9808972000000722, 0.9799537999997483, 0.9796964999995907, 0.9802178999998432, 0.9824522999997498, 0.9818391000007978, 0.9810363999995388, 0.9816248999995878, 0.9808057999998709, 0.9809743000005255, 0.9765867999994953, 0.9796215999995184, 0.9800339000003078, 0.9725825999994413, 0.9741062000002785, 0.9805617000001803, 0.981435299999248, 0.980086300000039, 0.9818529999993189, 0.9816296999997576, 0.9800335999998424, 0.9811342000002696, 0.9812692000004972, 0.9802522999998473, 0.981454599999779, 0.9793593999993391, 0.980140399999982, 0.9799304000007396, 0.980194499999925, 0.981627600000138, 0.9821286000005784, 0.9824455999996644, 0.9806453999999576, 0.9807051999996474, 0.9803839999995034, 0.979397300000528, 0.980683499999941, 0.9799007000001438, 0.9759661999996752, 0.9806784000002153, 0.98076250000031, 0.9769759999999224, 0.981383199999982, 0.9806806000005963, 0.9814575000000332, 0.9816596000000573, 0.9815905000004932, 0.9820075000006909, 0.9809919000008449, 0.9810139000001072, 0.9816065000004528, 0.9814263000007486, 0.9803616999997757, 0.9809524999991481, 0.9804681000005075, 0.9805918000001839, 0.9789498999998614, 0.9810443000005762, 0.9813977000003433, 0.9814380000007077, 0.9798710999994, 0.9800959000003786, 0.9708106999996744, 0.9811075999996319, 0.9812603999998828, 0.9801790999999866, 0.9810416999998779, 0.9816426999996111, 0.9799808999996458, 0.9809408999999505, 0.981587600000239, 0.9814752000002045, 0.9812858999994205, 0.9814304000001357, 0.9807626000001619, 0.9796432000002824, 0.9797096000002057, 0.9780321000007461, 0.9798230999995212, 0.9801124000005075, 0.9812658000000738, 0.9804517000002306, 0.9811830999997255, 0.9808496999994532, 0.9794246000001294, 0.9817284000000654, 0.9775135999998383, 0.982444199999918, 0.9787010000000009, 0.9807128000002194, 0.979234099999303, 0.9815324000001056, 0.9801093999994919, 0.9823083999999653, 0.9821772999994209, 0.9813200999997207, 0.9814245999996274, 0.9813774000003832, 0.980852099999538, 0.9807363999998415, 0.9806681999998546, 0.9796730999996726, 0.9769330999997692, 0.9767565000001923, 0.9803097000003618, 0.9812007000000449, 0.9716743999997561, 0.9802633000008427, 0.9818478999995932, 0.9802607000001444, 0.9805164999997942, 0.9806102999991708, 0.9803585999998177, 0.9802991000005932, 0.9802239000000554, 0.9804993000007016, 0.9797607999998945, 0.9801864999999452, 0.9779160000007323, 0.9788784000002124, 0.9808611999997083, 0.9810998000002655, 0.9793982000001051, 0.9804010000007111, 0.981244699999479, 0.9800481000002037, 0.9817762000002404, 0.9794868999997561, 0.9799991999998383, 0.9798934000000372, 0.9807505999997375, 0.9799745000000257, 0.9775253000007069, 0.9803325000002587, 0.9796183999997083, 0.9798291000006429, 0.9813719000003402, 0.9810992000002443, 0.9803382000000056, 0.9796913000000131, 0.9797841999998127, 0.9798134000002392, 0.9785006000001886, 0.9807057000007262, 0.9801158000000214, 0.9809414999999717, 0.9811308999996982, 0.9802766000002521, 0.9799671000000671, 0.9818834999996398, 0.9815343999998731, 0.9792477999999392, 0.9791189999996277, 0.9803160000001299, 0.9792076000003362, 0.9806070999993608, 0.9793700999998691, 0.9811145000003307, 0.9794190000002345, 0.9809050000003481, 0.9804947000002358, 0.9804213999996136, 0.9804042999994635, 0.9797666000004028, 0.9799743000003218, 0.9835057999998753, 0.9817070999997668, 0.9795420999998896, 0.9794879000000947, 0.9803116000002774, 0.9806070999993608, 0.9806273000003785, 0.9803714999998192, 0.9806273999993209, 0.9812203999999838, 0.9802578999997422, 0.9807439000005616, 0.9809133000007932, 0.9803392000003441, 0.9808731000002808, 0.978963799999292, 0.9781237000006513, 0.9810107999992397, 0.9786215999993146, 0.977239499999996, 0.9805011999997078, 0.9791949000000386, 0.979004700000587, 0.9808627000002161, 0.9807854999999108, 0.9801055000007182, 0.9804640999991534, 0.9806599000003189, 0.9806613999990077, 0.9799671999990096, 0.9807971000009275, 0.9800175000000309, 0.9810864999999467, 0.979791000001569, 0.9804398000014771, 0.9792703000002803, 0.9812559999991208, 0.9803322999996453, 0.9811923000015668, 0.981592100000853, 0.979588899999726, 0.9811878000000434, 0.9800256999988051, 0.979513100000986, 0.9802300000010291, 0.9788000000007742, 0.979810599999837, 0.9844976999993378, 0.9802514999992127, 0.9800006000004942, 0.9802448999998887, 0.9814814999990631, 0.980179500000304, 0.9793415000003733, 0.9795133000006899, 0.9770320999996329, 0.9796855000004143, 0.9793085000001156, 0.9803260999997292, 0.9800838000010117, 0.9803114000005735, 0.9809820999998919, 0.9815479999997478, 0.9798804000001837, 0.9801746999983152, 0.9806087000015395, 0.9812732999998843, 0.9801867000005586, 0.9777700000013283, 0.9803128000003198, 0.9788497999998071, 0.9786844999998721, 0.9795848000012484, 0.9795615999992151, 0.9804679000008036, 0.9797763999995368, 0.9798540000010689, 0.9795353999998042, 0.9816766999992979, 0.9807999999993626, 0.9803694000001997, 0.9796210999993491, 0.9806029999999737, 0.9799321000009513, 0.978888999999981, 0.9795020000001387, 0.9805508999997983, 0.9802730000010342, 0.9809940000013739, 0.9791631999996753, 0.9806003000012424, 0.9796509000007063, 0.9814879999994446, 0.9811068999988493, 0.9797792000008485, 0.9798967000006087, 0.9808659999998781, 0.9811469999986002, 0.979628999999477, 0.9798069000007672, 0.9795329999997193, 0.9760870000009163, 0.9800692000007984, 0.9786615000011807, 0.9805719000014506, 0.9811503000000812, 0.9804958000004262, 0.9806904999986727, 0.9806157000002713, 0.9808689999990747, 0.9796547000005376, 0.9808746999988216, 0.98030049999943, 0.9797359999993205, 0.9802729999992152, 0.9791143999991618, 0.9790477000005922, 0.9831950999996479, 0.9795854999993026, 0.9809845999989193, 0.9811513999993622, 0.9809808999998495, 0.979455800001233, 0.980954999999085, 0.9810819000012998, 0.9799702000000252, 0.9806862999994337, 0.9808293000005506, 0.979418999999325, 0.9800183999996079, 0.9800174000010884, 0.9800887000001239, 0.9797730000009324, 0.9805230999991181, 0.9803955999996106, 0.9802574999994249, 0.9805821000009018, 0.9775706999989779, 0.9786340999999084, 0.9778700999995635, 0.9789509000001999, 0.9792290000004868, 0.9805906000001414, 0.9798694000000978, 0.9803772000013851, 0.9793399000009231, 0.9802827999992587, 0.9800499000011769, 0.9805406000014045, 0.9798195999992458, 0.9775267000004533, 0.9791541999984474, 0.9799886000000697, 0.9803281999993487, 0.9820758000005299, 0.9799459999994724, 0.9797389000013936, 0.9793667999983882, 0.9789302999997744, 0.9801124000005075, 0.9810746000002837, 0.9812277000000904, 0.981214600000385, 0.9813793000012083, 0.9815825000005134, 0.9807122000001982, 0.9798302999988664, 0.9804483000007167, 0.980160999999498, 0.9767104000002291, 0.9804705999995349, 0.981041400000322, 0.9764064999999391, 0.9819938999989972, 0.9781755000003614, 0.979910000000018, 0.9801439999991999, 0.980964700000186, 0.9798788000007335, 0.9807423000002018, 0.9790915000012319, 0.9790553000002546, 0.9799828000013804, 0.9803843999998207, 0.9804592000000412, 0.9806889999999839, 0.9817815999995219, 0.9806725999987975, 0.9802354999992531, 0.9787339000013162, 0.9802607999990869, 0.978969199999483, 0.9810834999989311, 0.9798922999998467, 0.9809137000011106, 0.9783390999982657, 0.9790677000000869, 0.9809301999994204, 0.979556500000399, 0.9793841999999131, 0.9801333000013983, 0.9785238000004028, 0.9789175999994768, 0.9769491000006383, 0.979909100000441, 0.9801606000000902, 0.9795813000000635, 0.9800520999997389, 0.9798886000007769, 0.9804065999996965, 0.980867299998863, 0.9800294000015128, 0.9799218000007386, 0.9801578000005975, 0.9803336000004492, 0.9811601000001247, 0.9797137000005023, 0.9800589000005857, 0.9791033999990759, 0.9782379000007495, 0.9800212000009196, 0.9795896000014181, 0.9801040999991528, 0.9791471000007732, 0.9800206999989314, 0.9792206999991322, 0.9800897000004625, 0.9792185000005702, 0.9807983000009699, 0.9798799000000145, 0.9811554999996588, 0.9795534000004409, 0.9786734000008437, 0.9808266000000003, 0.9729042999988451, 0.977404999999635, 0.9810235000004468, 0.9810504999986733, 0.9814863000010519, 0.9810832000002847, 0.9797715000004246, 0.9814127999998163, 0.9805964999995922, 0.9809319999985746, 0.9798635999995895, 0.9809186000002228, 0.9796636999999464, 0.981501100000969, 0.9798076999995828, 0.9799838999988424, 0.9801945999988675, 0.9812609999989945, 0.9799499999990076, 0.9813775999991776, 0.9803274999994755, 0.9751931999999215, 0.9796217000002798, 0.9805873000004794, 0.9789706999999908, 0.9790831999998773, 0.9789273999995203, 0.98003559999961, 0.9786804000013944, 0.9807863000005455, 0.9799616000000242, 0.9769931999999244, 0.9697284999983822, 0.9782806000002893, 0.9810844999992696, 0.9814824999994016, 0.9817736000004516, 0.9800854999994044, 0.9811250000002474, 0.9815464000002976, 0.9799758999997721, 0.9801686000009795, 0.9800457000001188, 0.9797842000007222, 0.9804428999996162, 0.977136800000153, 0.9805931999999302, 0.9789462000007916, 0.980298299999049, 0.9807706999999937, 0.9798294999982318, 0.9786917999990692, 0.9794913999994606, 0.9797209999996994, 0.9847191000008024, 0.9826390000016545, 0.9814498999985517, 0.982168599999568, 0.9809089000009408, 0.9805281999997533, 0.9807676999989781, 0.9816527999992104, 0.981369299999642, 0.9745846999994683, 0.979898300000059, 0.980406500000754, 0.9799579000009544, 0.9803431999989698, 0.9800684000001638, 0.9805658000004769, 0.9791354999997566, 0.9806864000001951, 0.9807738999988942, 0.9803272000008292, 0.9811543999985588, 0.9788336000001436, 0.9800252000004548, 0.9796403999989707, 0.9791449000003922, 0.9806076000004396, 0.9809956999997667, 0.9788169999992533, 0.9815493999994942, 0.9812499999989086, 0.9807345999997779, 0.9785572000000684, 0.9871982000004209, 0.9798424000000523, 0.9806933999989269, 0.9819305000000895, 0.980438900000081, 0.9804492000002938, 0.9799734999996872, 0.9798499999997148, 0.9800197000004118, 0.9796716000000742, 0.9794373999993695, 0.9787350000005972, 0.9798157999994146, 0.980546000000686, 0.979975000000195, 0.9813930000000255, 0.9752802000002703, 0.9805016000009346, 0.9806912999993074, 0.981455700000879, 0.9809457999999722, 0.9797941999986506, 0.9809175999998843, 0.9803480000009586, 0.9802005000001373, 0.9800641000001633, 0.9809989000004862, 0.9810412999995606, 0.9812672999996721, 0.9805159999996249, 0.9767684999987978, 0.9813532000007399, 0.9805378000000928, 0.97978460000013, 0.980595800001538, 0.9809314999984053, 0.9790195999994467, 0.9808357000001706, 0.9777478000014526, 0.9806339999995544, 0.9801487000004272, 0.9807724000002054, 0.9786979000000429, 0.9808895999995002, 0.9765848000006372, 0.9791104000014457, 0.9791506999990816, 0.9811945000001288, 0.9785938000004535, 0.9797407999994903, 0.9829408999994484, 0.9802122000000963, 0.9796666000002006, 0.981514099999913, 0.9804936000000453, 0.979949000000488, 0.9790365999997448, 0.980396799999653, 0.980737500000032, 0.9813449000012042, 0.9802943000013329, 0.9798202000001766, 0.9806398000000627, 0.980402299999696, 0.9795701999992161, 0.9817134000004444, 0.9806703000012931, 0.9803155999998125, 0.9793642999993608, 0.9808451999997487, 0.9784215999989101, 0.9798411000010674, 0.9786159000013868, 0.9815386999998736, 0.9786691000008432, 0.9800321000002441, 0.9805641000002652, 0.9804481999999552, 0.9806533000009949, 0.9788217999994231, 0.9803389999997307, 0.9818030999995244, 0.9795059000007313, 0.9801044999985606, 0.9801845999991201, 0.9804512999999133, 0.9813266000001022, 0.9809955000000627, 0.980115599999408, 0.9800038000012137, 0.9796803000008367, 0.9801334000003408, 0.9796791999997367, 0.9810845000010886, 0.9788147999988723, 0.9776023000013083, 0.9810843999985082, 0.9805350999995426, 0.9790874999998778, 0.9804448000013508, 0.9789504999989731, 0.9805202999996254, 0.9775343999990582, 0.9800837999991927, 0.9800565000005008, 0.9805120000000898, 0.9805118999993283, 0.980296300000191, 0.9811893999994936, 0.9797853999989456, 0.9812378000005992, 0.9803866999991442, 0.9812542999989091, 0.981461200000922, 0.9822306999994908, 0.9799545999994734, 0.9794615999999223, 0.9799373999994714, 0.9803819999997359, 0.9813321999990876, 0.9804120999997394, 0.9807680000012624, 0.9798198999997112, 0.9799182000006113, 0.9801120000010997, 0.9808939000013197, 0.9792560000005324, 0.9812875000006898, 0.9794282999991992, 0.9804387000003771, 0.9811318000010942, 0.9781576000004861, 0.9817760999994789, 0.9798788999996759, 0.9811385000011796, 0.9796771000001172, 0.9799109999985376, 0.9797300999998697, 0.9805824000013672, 0.980427000000418, 0.9812770000007731, 0.9791304999998829, 0.978149200000189, 0.9801938000000519, 0.9804144000008819, 0.9802662000001874, 0.9810722999991413, 0.9823231999998825, 0.9809339999992517, 0.9798464999985299, 0.979263200000787, 0.9808981999995012, 0.981029699998544, 0.9806875000012951, 0.97909350000009, 0.9801076000003377, 0.9793656999991072, 0.9795900999997684, 0.97909350000009, 0.9807615999998234, 0.9824150999993435, 0.9800807999999961, 0.9799313999992592, 0.9798315999996703, 0.9813369000003149, 0.9801040000002104, 0.9794772999994166, 0.9802892000006977, 0.9804710999997042, 0.9805663000006462, 0.9790029999985563, 0.9790365000008023, 0.979502299998785, 0.9803271000000677, 0.9798706999990827, 0.9792526000001089, 0.9805434000008972, 0.9801014000004216, 0.9803797000004124, 0.980032299999948, 0.9768229999990581, 0.9803125999987969, 0.9825801000006322, 0.9809246999993775, 0.9820601999999781, 0.9791638999995484, 0.9799753000006604, 0.9812289000001329, 0.9782348000007914, 0.9796122999996442, 0.980028999998467, 0.9806800999995176, 0.9807907999984309, 0.9800608999994438, 0.9803203999999823, 0.9803840000004129, 0.9810323000001517, 0.980036699998891, 0.9805873999994219, 0.9813553000003594, 0.9773500999999669, 0.9795068000003084, 0.977888500001427, 0.9831308000011632, 0.9793430000008811, 0.9781569999995554, 0.9772023000004992, 0.9794827999994595, 0.980466000000888, 0.9813306000014563, 0.981978200001322, 0.979639600000155, 0.9798487999996723, 0.9809339000003092, 0.9797521000000415, 0.9808537999997498, 0.9805445000001782, 0.9786621000002924, 0.9787501000009797, 0.9785455999990518, 0.9795140000005631, 0.9798812999997608, 0.9795975999986695, 0.9795207000006485, 0.9808274999995774, 0.9801910999995016, 0.9804213999996136, 0.9807448999999906, 0.9862829000012425, 0.9786590999992768, 0.9844850999998016, 0.9806142000015825, 0.9811694999989413, 0.9798958000010316, 0.9792553000006592, 0.9784185999997135, 0.9802895000011631, 0.9812228000009782, 0.9803045999997266, 0.9787999000000127, 0.9822562999997899, 0.9803465999993932, 0.9792916000005789, 0.9804388000011386, 0.9794940000010683, 0.9803532000005362, 0.9802063000006456, 0.9799266000009084, 0.9790216000001237, 0.9796513999990566, 0.9809132999998837, 0.9789550000004965, 0.979946800000107, 0.9798381000000518, 0.980858699998862, 0.9784997999995539, 0.9806476000012481, 0.9810368999987986, 0.9775128000001132, 0.979854900000646, 0.977991400000974, 0.9813293000006524, 0.9801377000003413, 0.9807437999988906, 0.9782419999992271, 0.9795935000001919, 0.9800775000003341, 0.9807903000000806, 0.9811141999998654, 0.9799388999999792, 0.9800500000001193, 0.9800623999999516, 0.9794260999988182, 0.9803976000002876, 0.9811816999990697, 0.9812111999999615, 0.9813723000006576, 0.9809955000000627, 0.9796464999999444, 0.9810014000013325, 0.9809974999989208, 0.9825691999994888, 0.9820795999985421, 0.978736500001105, 0.980498599999919, 0.979302199999438, 0.9806171000000177, 0.9796437999993941, 0.9796404999997321, 0.9807403999984672, 0.9787935000003927, 0.9806853000009141, 0.9803977000010491, 0.9798344999999244, 0.9797472000009293, 0.9801626999997097, 0.9808013000001665, 0.9770724999998492, 0.979309700000158, 0.9806121999990864, 0.9797713999996631, 0.979946800000107, 0.9792084000000614, 0.980580800000098, 0.98171530000036, 0.9828662999989319, 0.9824293999990914, 0.9807409000004554, 0.9796616999992693, 0.9796315999992657, 0.978451099999802, 0.9774295000006532, 0.9796903000005841, 0.9804208999994444, 0.9782493000002432, 0.981350799998836, 0.9774593000001914, 0.9813101999989158, 0.9826056999991124, 0.9813761000004888, 0.9821426999988034, 0.9810063000004448, 0.9805415999999241, 0.97939100000076, 0.9797300999998697, 0.9792992999991839, 0.9797036999989359, 0.9792160999986663, 0.984598900000492, 0.979357500000333, 0.9781523999990895, 0.9799323999995977, 0.9819645999996283, 0.9804569000007177, 0.9796749999986787, 0.9808909000003041, 0.9770961999984138, 0.979849600000307, 0.979515299999548, 0.980131899999833, 0.9673447999994096, 0.9790776999998343, 0.979144200000519, 0.9795328000000154, 0.9786984000002121, 0.9807512000006682, 0.9807784000004176, 0.9814693999996962, 0.9794505999998364, 0.9810299999990093, 0.9799440999995568, 0.9804332000003342, 0.9812571999991633, 0.9808284000009735, 0.9807540000001609, 0.9812246000001323, 0.9764844999990601, 0.9788091000009445, 0.9800632000005862, 0.9803026000008686, 0.9814931999990222, 0.9804650000005495, 0.9803472999992664, 0.9874678999985917, 0.9808192999989842, 0.9802130999996734, 0.9802196999989974, 0.9858688000003895, 0.9782093999983772, 0.9814674999997806, 0.9819508999989921, 0.9804872999993677, 0.9800860999985161, 0.9792890000007901, 0.9812310999986948, 0.9812474000009388, 0.9802847000009933, 0.9803185999990092, 0.979710999999952, 0.9811547999997856, 0.9795008999990387, 0.9798923000016657, 0.980982999999469, 0.980246499999339, 0.981194999998479, 0.9816262999993342, 0.9797281999999541, 0.9814713000014308, 0.980343900000662, 0.9814509999996517, 0.9800372000008792, 0.9806361000009929, 0.9807020000007469, 0.9810505000004923, 0.9812601000012364, 0.9814858000008826, 0.9799593000007008, 0.979497000000265, 0.9806407999985822, 0.9812208000003011, 0.9802622000006522, 0.9807755000001634, 0.9812063000008493, 0.9817048999993858, 0.9788628999995126, 0.9799127999995108, 0.9806986000003235, 0.978823100000227, 0.9801951999997982, 0.9793466999999509, 0.9797034000002895, 0.9805790999998862, 0.9801670999986527, 0.9815169999983482, 0.9816323000013654, 0.9803857000006246, 0.9804516000003787, 0.980801399999109, 0.9805335000000923, 0.9791388000012375, 0.9796920999997383, 0.9800133999997342, 0.97725360000004, 0.9779527999999118, 0.9801579999984824, 0.9805950000009034, 0.981322800000271, 0.9807175000005373, 0.980842400000256, 0.9805619999988266, 0.9782790999997815, 0.9792269999998098, 0.9801391000000876, 0.9810398000008718, 0.9791039000010642, 0.9767394999998942, 0.9791784999997617, 0.9800943999998708, 0.9790873999991163, 0.9814186000003247, 0.9800448000005417, 0.9807665999996971, 0.9775580999994418, 0.9802686000002723, 0.9798525999995036, 0.980322299999898, 0.980499500001315, 0.9810094000004028, 0.9817788000000292, 0.9802134999990813, 0.9800364999991871, 0.9789079000001948, 0.9792904999994789, 0.9797695000015665, 0.9807280000004539, 0.9805393000006006, 0.9800957000006747, 0.9801246000006358, 0.9811741000012262, 0.9795783999998093, 0.9811936999994941, 0.9756402000002709, 0.9809398999987025, 0.9805415999999241, 0.9804275000005873, 0.9754707999982202, 0.9799039999998058, 0.9815643000001728, 0.9789466000001994, 0.979626600001211, 0.9804209000012634, 0.9797281000010116, 0.9808501999996224, 0.9794502000004286, 0.980706199999986, 0.9796384000001126, 0.9797242000004189, 0.9804268000007141, 0.9822554000002128, 0.9817342999995162, 0.9804320000002917, 0.9792059999999765, 0.9809351000003517, 0.9804187999998248, 0.9791102999988652, 0.9804034999997384, 0.977979299999788, 0.9795580999998492, 0.9773925999998028, 0.980003000000579, 0.9808346999998321, 0.9810336999998981, 0.9826248999997915, 0.9811292999984289, 0.9824621000007028, 0.982552500001475, 0.9807120000004943, 0.9797603999995772, 0.9807884999991074, 0.9789174999987154, 0.983799600000566, 0.9793733000005886, 0.9791349000006448, 0.9803554999998596, 0.981072900000072, 0.9810182999990502, 0.979645100000198, 0.9813747999996849, 0.9788509999998496, 0.9802290000006906, 0.9794727000007697, 0.9792106999993848, 0.9811857999993663, 0.9807737000010093, 0.9805827000000136, 0.9795915000013338, 0.9807428000003711, 0.980895499998951, 0.9815025000007154, 0.9812681000003067, 0.9810362000007444, 0.980309300000954, 0.9805226000007679, 0.9820199000005232, 0.9807650000002468, 0.9814671999993152, 0.9803647000007913, 0.9802352999995492, 0.9809855000003154, 0.9812889000004361, 0.9811315999995713, 0.9817671999990125, 0.966636600000129, 0.9787906000001385, 0.9802856000005704, 0.9798100000007253, 0.9787123000005522, 0.9807513999985531, 0.9810561000012967, 0.9784299000002648, 0.9799769000001106, 0.9803953999999067, 0.9820954999995593, 0.9810163999991346, 0.9792163999991317, 0.9807297999996081, 0.9802353999984916, 0.9804192999999941, 0.9817239999993035, 0.9812945000012405, 0.9792952999996487, 0.9781029000005219, 0.9811199000014312, 0.9799231000015425, 0.9813940999993065, 0.9800421999989339, 0.9790851999987353, 0.9807268000004115, 0.9802870000003168, 0.9814141000006202, 0.9804791999995359, 0.9798075999988214, 0.9868870999998762, 0.9802796999993006, 0.980029000000286, 0.97934449999957, 0.9790838999997504, 0.9798541000000114, 0.9799528999992617, 0.9804588999995758, 0.9847666999994544, 0.9801320999995369, 0.9800057000011293, 0.981032800000321, 0.9806680999990931, 0.9808192999989842, 0.9830722000006062, 0.9814695999994001, 0.9804805000003398, 0.9806709999993473, 0.9796389000002819, 0.9806879000007029, 0.9804662000005919, 0.9798734999985754, 0.9803028000005725, 0.9809891000004427, 0.98064340000019, 0.9810773000008339, 0.9789051000007021, 0.9803330000013375, 0.9802650000001449, 0.9803486000000703, 0.980024799999228, 0.980181499999162, 0.9798098999999638, 0.9806050999995932, 0.9803597999998601, 0.9808775999990758, 0.980660799999896, 0.9807562999994843, 0.9799966999999015, 0.9820075999996334, 0.9814992999999959, 0.9795904999991762, 0.9804220999994868, 0.9802047000011953, 0.9802855999987514, 0.9792073999997228, 0.9805464000000939, 0.979932700000063, 0.9814927999996144, 0.9813904000002367, 0.9799889999994775, 0.9812263999992865, 0.9800806000002922, 0.9793386000001192, 0.9842012999997678, 0.9799297999998089, 0.9776517000009335, 0.9799052999987907, 0.9814642000001186, 0.9806155000005674, 0.9807190999999875, 0.980509200000597, 0.9813365000009071, 0.9806355000000622, 0.9806024999998044, 0.98072669999965, 0.9792185000005702, 0.9799440000006143, 0.9794365999987349, 0.9803003999986686, 0.9800056000003678, 0.9807194999993953, 0.9812732999998843, 0.9804691999997885, 0.9798054000002594, 0.9787786999986565, 0.980154599999878, 0.9806824999996024, 0.9816998000005697, 0.9801931000001787, 0.9801138000002538, 0.9786440000007133, 0.9789170000003651, 0.9800870000017312, 0.9798047000003862, 0.9804380999994464, 0.9814743000006274, 0.9799985999998171, 0.9818778999997448, 0.9811406999997416, 0.9811325000009674, 0.9810150000012072, 0.9796023999988392, 0.9808298000007198, 0.9787512000002607, 0.9790537000008044, 0.9818615000003774, 0.9789223000007041, 0.9798329000004742, 0.979776000000129, 0.9822364999999991, 0.9803969999993569, 0.9746892999992269, 0.9808020000000397, 0.9797103000000789, 0.9794609999989916, 0.982890999999654, 0.9777409999987867, 0.9806967000004079, 0.9795676000012463, 0.9819434999990335, 0.9804275999995298, 0.9800142000003689, 0.9811145000003307, 0.9802038999987417, 0.980131899999833, 0.9812819000017043, 0.981740199998967, 0.981758500000069, 0.9803615999990143, 0.9804125999999087, 0.9793326999988494, 0.9804495999997016, 0.9792593000001943, 0.9822077000007994, 0.9799628000000666, 0.978944300000876, 0.9795528999984526, 0.9792466999988392, 0.9803449000010005, 0.981027499999982, 0.9794687000012345, 0.9808164999994915, 0.980071300000418, 0.9801800999994157, 0.9804696000010154, 0.9775883000002068, 0.9794582000013179, 0.9802029999991646, 0.9800772999988112, 0.9819074999995792, 0.9799583999993047, 0.9803991000007954, 0.9808207000005496, 0.9817433999996865, 0.9797058000003744, 0.9802643000002718, 0.9801931000001787, 0.9787257999996655, 0.9800286000008782, 0.9788925000011659, 0.979204999999638, 0.9777806000001874, 0.9786342999996123, 0.9802729999992152, 0.9802330999991682, 0.9816103000011935, 0.9798219000003883, 0.9808352000000014, 0.9798238000003039, 0.980486700000256, 0.9798731999999291, 0.9809472000015376, 0.9785902000003261, 0.9794825000008132, 0.9804925000007643, 0.9796944000008807, 0.9780234000008932, 0.9802045999986149, 0.9811965000008058, 0.9809736999995948, 0.9815610000005108, 0.9790267000007589, 0.9810949000002438, 0.9796906999999919, 0.9805216999993718, 0.9788214000000153, 0.98162450000018, 0.9807113000006211, 0.978728999998566, 0.9791220999995858, 0.9797179000015603, 0.9792682999996032, 0.980424999999741, 0.9795074999983626, 0.9793570000001637, 0.9795785999995132, 0.9801647999993293, 0.9789970000001631, 0.9802062999988266, 0.9796827999998641, 0.9803675999992265, 0.9785181999995984, 0.9801083999991533, 0.9812302999998792, 0.9811212999993586, 0.9803699999993114, 0.9805308999984845, 0.9810409000001528, 0.9808116999993217, 0.980365499999607, 0.9806011999990005, 0.9771615000008751, 0.9829038000007131, 0.9794843999989098, 0.9802278999995906, 0.9804473000003782, 0.9806363000006968, 0.978047599999627, 0.9808634000000893, 0.9808137999989412, 0.980692099999942, 0.9794885999999678, 0.979941500001587, 0.981195000000298, 0.9799134000004415, 0.9808900999996695, 0.97960299999977, 0.9809363000003941, 0.9795430999984092, 0.9802689000007376, 0.9802742000010767, 0.980818599999111, 0.9797602999988158, 0.9816682000000583, 0.9814306000007491, 0.9797733999985212, 0.979950099999769, 0.9806659000005311, 0.9809402999999293, 0.9803694000001997, 0.9802110000000539, 0.9798972999997204, 0.9795697999998083, 0.9795193000009021, 0.9800933999995323, 0.9809128000015335, 0.9805236000011064, 0.9812431999998807, 0.9801521999997931, 0.9796562999999878, 0.9802682999998069, 0.978861900000993, 0.9785648999986734, 0.9796242000011262, 0.9791766000016651, 0.9807006000010006, 0.9806459999999788, 0.9808917000009387, 0.9813792000004469, 0.9802980000004027, 0.9804739000010159, 0.9810827000001154, 0.9807832000005874, 0.9813935999991372, 0.9786347999997815, 0.9812724000003072, 0.9779220999989775, 0.9793242000014288, 0.9797589999998308, 0.9802429000010306, 0.9797226999999111, 0.9808764999997948, 0.9807590000000346, 0.9867846000015561, 0.9815259000006336, 0.977127099999052, 0.9814126999990549, 0.9816371999986586, 0.981003499999133, 0.9802739999995538, 0.980571999998574, 0.9791253999992477, 0.9795826999998098, 0.9786507999997411, 0.981287099999463, 0.9790413999999146, 0.9804309999999532, 0.9820199000005232, 0.9819378000011056, 0.9817060999994283, 0.9811263000010513, 0.9804913999996643, 0.9817875999997341, 0.9807225999993534, 0.9807521000002453, 0.9818427000009251, 0.9804760000006354, 0.9811420000005455, 0.9796815000008792, 0.9817533999994339, 0.9815782000005129, 0.9814169999990554, 0.9805053000000044, 0.9795518999999331, 0.9799689999999828, 0.9787175000001298, 0.9761687999998685, 0.9809731999994256, 0.97896369999944, 0.9815503999998327, 0.9805583000015758, 0.9815426000004663, 0.9796055000006163, 0.9799708999998984, 0.9763416000005236, 0.9762496000003011, 0.9797768999997061, 0.9802015999994182, 0.9795821999996406, 0.9803025999990496, 0.9760948999992252, 0.9784763999996358, 0.9801236000002973, 0.9797842000007222, 0.9802304000004369, 0.9800644999995711, 0.9812971999999718, 0.9813503999994282, 0.9806845000002795, 0.9807622999996966, 0.9796767999996518, 0.9839727999988099, 0.9798047000003862, 0.9847740000004706, 0.9805056999994122, 0.9810766999999032, 0.9811267999994016, 0.9845251000006101, 0.981120499998724, 0.9806678000004467, 0.9803989000010915, 0.9810321999993903, 0.9809934000004432, 0.978509500000655, 0.9799554999990505, 0.9809456000002683, 0.9796900999990612, 0.9786148000002868, 0.9812569999994594, 0.9804687000014383, 0.9804879000002984, 0.9808577000003424, 0.9812201999993704, 0.9806734000012511, 0.9803135999991355, 0.9806425999995554, 0.9729345999985526, 0.9811964999989868, 0.9786829000004218, 0.9795071999997162, 0.9804026000001613, 0.9788126999992528, 0.9801981999989948, 0.9800615000003745, 0.9804243000016868, 0.9812351999989914, 0.9811491999989812, 0.9818114999998215, 0.9814191999994364, 0.9805206000000908, 0.9817607999993925, 0.9809599999989587, 0.9788396999992983, 0.9805194000000483, 0.9804898999991565, 0.979308600000877, 0.9809010000008129, 0.9802605000004405, 0.9807027000006201, 0.9855657000007341, 0.9800302000003285, 0.9798750999998447, 0.9804585999991104, 0.9803898999998637, 0.9866435000003548, 0.9816088999996282, 0.9798141999999643, 0.9799221000012039, 0.9776443000009749, 0.9795450000001438, 0.978855500001373, 0.9838592999985849, 0.9774837000004482, 0.9796000000005733, 0.9815309999994497, 0.9808812999999645, 0.9805733999983204, 0.9812063999997918, 0.9815239999988989, 0.9797636999992392, 0.9799909000012121, 0.980275600000823, 0.9815548999995372, 0.9812591999998403, 0.9803327999998146, 0.9793649000002915, 0.980973300000187, 0.9811265999996976, 0.9803991000007954, 0.9806447000009939, 0.9789424000009603, 0.9783196000007592, 0.9798404000011942, 0.979907800001456, 0.9803209999990941, 0.9818708000002516, 0.9807464000004984, 0.9809611000000587, 0.9805976000006922, 0.9815084999991086, 0.9807798999991064, 0.9800320000013016, 0.9798045999996248, 0.9838604999986273, 0.9792254000003595, 0.9800751999991917, 0.9794956000005186, 0.9804886000001716, 0.980230199998914, 0.9799068000011175, 0.9801143999993656, 0.9757023999991361, 0.9805194999989908, 0.980330899999899, 0.9803387000010844, 0.9797818999995798, 0.9811992000013561, 0.980523299998822, 0.9815343999998731, 0.9803393000001961, 0.9801676999995834, 0.9788551000001462, 0.9794297000007646, 0.9808321000000433, 0.9805405999995855, 0.9802559999989171, 0.9807459000003291, 0.9804392000005464, 0.9798656000002666, 0.9810379000009561, 0.9800420999999915, 0.9813678999998956, 0.9814243000000715, 0.9817382999990514, 0.9806889999999839, 0.9782932999987679, 0.9809439000000566, 0.9800847000005888, 0.9814747999989777, 0.9805835999995907, 0.9801736999997956, 0.9803852000004554, 0.981861399999616, 0.980682399998841, 0.9803844000016397, 0.9796929000003729, 0.9799700999992638, 0.9810517999994772, 0.9815106999994896, 0.9810460999997304, 0.9805555000002641, 0.9804288000013912, 0.9793113000014273, 0.9797773999998753, 0.9823434999998426, 0.9805496000008134, 0.9800199999990582, 0.9815197999996599, 0.9783891999995831, 0.9790809999994963, 0.9798296999997547, 0.9811100999995688, 0.9806329999992158, 0.9807994999991934, 0.9808593999987352, 0.9803969000004145, 0.9802143999986583, 0.9818811999994068, 0.9807187999995222, 0.9808556000007229, 0.9793792000000394, 0.9804058999998233, 0.9800390999989759, 0.9785990999989735, 0.9802352999995492, 0.9811629999985598, 0.9804028000016842, 0.9813472999994701, 0.9806733999994321, 0.9807892999997421, 0.9810789000002842, 0.9807288000010885, 0.9795176999996329, 0.9809893000001466, 0.9802285999994638, 0.979658099999142, 0.9808093999999983, 0.9798086999999214, 0.9795801999989635, 0.979060000001482, 0.9801956999999675, 0.9806054000000586, 0.9816910000008647, 0.9808171000004222, 0.9805068999994546, 0.980426100000841, 0.9824052999993, 0.9783117000006314, 0.9799895999985893, 0.9794105999990279, 0.9799257000013313, 0.9813733000009961, 0.9804788000001281, 0.9816484000002674, 0.9814105000004929, 0.9808352999989438, 0.9804416999995738, 0.9812310000015714, 0.9805339999984426, 0.9809638999995514, 0.9811774999998306, 0.9795432000009896, 0.9808883999994578, 0.9808437000010599, 0.9799613999985013, 0.9807610999996541, 0.9810946999987209, 0.9792835999996896, 0.9801193999992392, 0.9813747999996849, 0.9819779999997991, 0.979803999998694, 0.9809365999990405, 0.9793840000002092, 0.9793290999987221, 0.9804686999996193, 0.9806480999995983, 0.9793245000000752, 0.9794858000004751, 0.9798999999984517, 0.9792723999998998, 0.9811362000000372, 0.9803632000002835, 0.9785735000004934, 0.9801681000008102, 0.9806055999997625, 0.980524399999922, 0.9820854000008694, 0.9802454999990005, 0.9799694000012096, 0.9807716000013897, 0.9809156999999686, 0.9810735000010027, 0.9799564000004466, 0.9815220000000409, 0.9802657000000181, 0.9797975000001315, 0.9805352999992465, 0.9794834999993327, 0.9802663999998913, 0.9809317999988707, 0.9807824999988952, 0.9817666999988433, 0.9802552000001015, 0.9806946000007883, 0.9814666999991459, 0.9802607000001444, 0.9803909000002022, 0.9802942999995139, 0.9813544999997248, 0.9803900999995676, 0.9805897999995068, 0.9790295000002516, 0.9785488999987138, 0.9809468000003108, 0.9793783999994048, 0.9804456999991089, 0.9793090000002849, 0.9812683000000106, 0.9806826000003639, 0.9809260000001814, 0.9809622000011586, 0.981342200000654, 0.981263300000137, 0.9807663999999932, 0.9801346000003832, 0.9795951999985846, 0.9803341000006185, 0.9801775999985693, 0.9787869000010687, 0.9806762999996863, 0.9809201999996731, 0.9809387999994215, 0.981123600000501, 0.9821074999999837, 0.9813653000001068, 0.9819698000010249, 0.9811869000004663, 0.9795653999990463, 0.9821335000015097, 0.9799347999996826, 0.9805933999996341, 0.9800512000001618, 0.98082610000165, 0.9803068000001076, 0.980399000000034, 0.9801505999985238, 0.9801728000002186, 0.9840904000011506, 0.9804529000011826, 0.9805128999996668, 0.9812744999999268, 0.9800089999989723, 0.9814807000002475, 0.9792250999998942, 0.9796736000007513, 0.9804384999988542, 0.9788951999998972, 0.9787660000001779, 0.9810452000001533, 0.9808396000007633, 0.981378800001039, 0.9809631000007357, 0.9811824000007618, 0.9802964999998949, 0.9805624000000535, 0.9810566999985895, 0.9813438999990467, 0.9809848999993847, 0.9798473000009835, 0.9799302999999782, 0.9807142000008753, 0.9802024000000529, 0.9778253000004042, 0.9798065000013594, 0.9794458999986091, 0.9812489999985701, 0.9800935999992362, 0.9814382000004116, 0.9811920000011014, 0.9788630999992165, 0.9772585999999137, 0.9809949999998935, 0.9790042000004178, 0.9801752999992459, 0.9810851000002003, 0.9786580999989383, 0.980888899999627, 0.9810818000005384, 0.982078699998965, 0.980921299998954, 0.9805888999999297, 0.9806929000005766, 0.9800290999992285, 0.9792756999995618, 0.9791722999998456, 0.9795259000002261, 0.9800177999986772, 0.9809669999995094, 0.9811774999998306, 0.9810183999998117, 0.9842364000014641, 0.9804136000002472, 0.9806864999991376, 0.9790927999983978, 0.9808342999986053, 0.9796258000005764, 0.9799394999990909, 0.9797330000001239, 0.9791764000001422, 0.9817351000001509, 0.978916099998969, 0.9783552999997482, 0.9818089000000327, 0.9811353000004601, 0.9806697000003624, 0.9805792999995901, 0.9799980000007054, 0.9807142000008753, 0.9804415000016888, 0.9794594999984838, 0.9783695000005537, 0.9798539999992499, 0.9783353000002535, 0.9801158999998734, 0.9782407000002422, 0.9825740000014775, 0.981307600000946, 0.9804561000000831, 0.9801401000004262, 0.9810999000001175, 0.9813548000001902, 0.9817717000005359, 0.9796857000001182, 0.977220099999613, 0.9794715999996697, 0.9785683000009158, 0.9784550000003946, 0.9801162000003387, 0.9802672999994684, 0.9806490999999369, 0.9803420000007463, 0.9796827999998641, 0.9806504000007408, 0.9815736999989895, 0.9816469999987021, 0.9804139999996551, 0.9802741000003152, 0.9787589000006847, 0.982229000001098, 0.9806697999993048, 0.9797379000010551, 0.9809390999998868, 0.9810704999999871, 0.9801970000007714, 0.9798715000015363, 0.9812753000005614, 0.9819631000009394, 0.983178799999223, 0.9791607000006479, 0.979596399998627, 0.9798202000001766, 0.9806647999994311, 0.9813907999996445, 0.9794163999995362, 0.9798836999998457, 0.9846364000004542, 0.9798215999999229, 0.9828340999993088, 0.9812754000013229, 0.9793578000007983, 0.979674199999863, 0.9810728000011295, 0.9805875999991258, 0.9811466999999539, 0.9807909999999538, 0.9794763999998395, 0.9794132999995782, 0.9795592999998917, 0.9810734000002412, 0.9807522999999492, 0.97324849999859, 0.981662400001369, 0.9818553999994037, 0.9804655999996612, 0.9805637999997998, 0.9802503999999317, 0.9801819999993313, 0.9795844000000216, 0.9800448000005417, 0.9787448999995831, 0.9792764999983774, 0.9802700000000186, 0.9809877999996388, 0.9784491999998863, 0.9816235999987839, 0.9815737000008085, 0.9809720000012021, 0.9812031000001298, 0.9822266999999556, 0.9805902999996761, 0.9797512000004645, 0.9792704000010417, 0.9792154999995546, 0.980608800000482, 0.9796163999999408, 0.9786810000005062, 0.9805487000012363, 0.9804031000003306, 0.979976099999476, 0.9808955999997124, 0.980969099999129, 0.9778122999996413, 0.9806177999998908, 0.9814573000003293, 0.98073309999927, 0.9800210000012157, 0.9804114999988087, 0.9806556999992608, 0.9809559999994235, 0.9789903000000777, 0.9805308000013611, 0.981886100000338, 0.980442200001562, 0.9809471999997186, 0.9808149000000412, 0.9812445999996271, 0.9806969000001118, 0.9794257000012294, 0.9798465000003489, 0.9813219000006939, 0.9806623999993462, 0.979383300000336, 0.9807514999993145, 0.981909000000087, 0.9820982000001095, 0.9810133000009955, 0.9798252999989927, 0.9801518999993277, 0.9802108999992925, 0.9797992999992857, 0.9813078999995923, 0.9817266999998537, 0.9804979999989882, 0.9811630000003788, 0.9816214000002219, 0.9819908999998006, 0.9815324999999575, 0.9801946999996289, 0.9810121999998955, 0.9823381000005611, 0.9829713999988599, 0.9821885000001203, 0.9799268999995547, 0.980417299999317, 0.9792933000007906, 0.979645100000198, 0.9808081999999558, 0.9812099999999191, 0.9796888000000763, 0.9807892000007996, 0.9819067000007635, 0.981731599998966, 0.9812008000008063, 0.9799290999999357, 0.9809956000008242, 0.9792994000017643, 0.9800741999988531, 0.9806537000004028, 0.9809633000004396, 0.980519099999583, 0.9805036999987351, 0.9805923999992956, 0.9810665000004519, 0.9810137000004033, 0.9811571999998705, 0.9804393999984313, 0.9805242999991606, 0.9817744000010862, 0.981204700001399, 0.9807024999990972, 0.9803302000000258, 0.9800140999996074, 0.9801986000002216, 0.9795697000008659, 0.9798889000012423, 0.9795871000005718, 0.979095700000471, 0.9807420000015554, 0.9834477000003972, 0.9799689999999828, 0.9807866999999533, 0.9820584000008239, 0.9824699000000692, 0.9807992999994894, 0.98021830000107, 0.9801730999988649, 0.9812662999993336, 0.9801688000006834, 0.9812627999999677, 0.9802886999987095, 0.981527099998857, 0.9768468000002031, 0.9793907999992371, 0.981878599999618, 0.9798305000003893, 0.9808038999999553, 0.9810088000012911, 0.9779916999996203, 0.9799488000007841, 0.9791136000003462, 0.9797590999987733, 0.9806422000001476, 0.9804072000006272, 0.9822222000002512, 0.9809287999996741, 0.9809789000009914, 0.9781512999998085, 0.9786187999998219, 0.9794454000002588, 0.9815338000007614, 0.9847024999999121, 0.9806451000004017, 0.9794722999995429, 0.9823218000001361, 0.9818771000009292, 0.9814845000000787, 0.9804659000001266, 0.9811508000002505, 0.9843479999999545, 0.9802584999997634, 0.9791557000007742, 0.9808401000009326, 0.9802873999997246, 0.9795013000002655, 0.9809601000015391, 0.9803230999987136, 0.9801422999989882, 0.9806387999997241, 0.9805981999998039, 0.9794036000002961, 0.9813688000012917, 0.9817325999993045, 0.981260000000475, 0.9819116000016948, 0.98047570000017, 0.9789934999989782, 0.9810608000007051, 0.9800722999989375, 0.9806714999995165, 0.9779017999990174, 0.9795535000012023, 0.9808630000006815, 0.9804237999996985, 0.9814067000006617, 0.9747580999992351, 0.9814490000007936, 0.9796356000006199, 0.9822969999986526, 0.9819642999991629, 0.9822927000004711, 0.9796619999997347, 0.9803532999994786, 0.9794235999997909, 0.9799320000001899, 0.976933399999325, 0.9820327000015823, 0.9803874999997788, 0.9789915000001201, 0.9809163999998418, 0.9787905999983195, 0.9797387999988132, 0.9807547000000341, 0.979253500001505, 0.980894400001489, 0.979865699999209, 0.9791473999994196, 0.9799470999987534, 0.9804769999991549, 0.9817824000001565, 0.981752100000449, 0.9807280000004539, 0.9776138000015635, 0.9808226000004652, 0.9788723999990907, 0.9809702999991714, 0.9813558999994711, 0.980427200000122, 0.9828956000001199, 0.9800283999993553, 0.9850743999995757, 0.9797945999998774, 0.9802675999999337, 0.981052399998589, 0.9805259000004298, 0.9815295999997034, 0.9826033000008465, 0.9813414999989618, 0.9805102000009356, 0.9807251999991422, 0.9796638999996503, 0.9801368000007642, 0.9808599999996659, 0.9807553999999072, 0.9780069999997067, 0.9804743999993661, 0.9815147000008437, 0.9810536000004504, 0.9814280999999028, 0.9808493000000453, 0.9817951000004541, 0.9823054000007687, 0.9811814000004233, 0.9809531999999308, 0.9794008000008034, 0.9797180000005028, 0.9789469999996072, 0.9792207999998936, 0.9790169999996579, 0.9716006999988167, 0.9773122000005969, 0.9805091999987781, 0.9811329000003752, 0.9804215000003751, 0.9809526999997615, 0.9791569999997591, 0.9808243000006769, 0.9803148999999394, 0.9808881999997539, 0.9821680000004562, 0.9803072999984579, 0.9810670999995637, 0.9802216999996745, 0.9798221000000922, 0.9809915000005276, 0.9805993999998464, 0.9801889000009396, 0.979355299999952, 0.9793513000004168, 0.9806513000003179, 0.9808076000008441, 0.9810906999991857, 0.9815982000000076, 0.981946699999753, 0.9809309999982361, 0.9793507000013051, 0.9820710000003601, 0.9807584000009228, 0.981961900000897, 0.9808742999994138, 0.9804991000000882, 0.9803093999998964, 0.9804597999991529, 0.980655299999853, 0.9794240000010177, 0.9800998000009713, 0.9803732000000309, 0.9800566000012623, 0.9806550000012066, 0.981255599999713, 0.9810476000002382, 0.9807454000001599, 0.9805151000000478, 0.9800255999998626, 0.9803731000010885, 0.9817027999997663, 0.9789379000012559, 0.9785506999996869, 0.9808534999992844, 0.9803057999997691, 0.9810386000008293, 0.9808555999989039, 0.9808520000005956, 0.980991600001289, 0.9809869000000617, 0.9805986999999732, 0.9796452999999019, 0.9823591000003944, 0.979704600000332, 0.9794770000007702, 0.980299400000149, 0.9795070999989548, 0.9795379000006506, 0.9795118000001821, 0.9797386000009283, 0.9760072999997647, 0.9801311999999598, 0.9854599999998754, 0.9815706999997929, 0.9821603999989748, 0.9802741999992577, 0.980862000000343, 0.9799034999996366, 0.9797863000003417, 0.9831964000004518, 0.9809493999982806, 0.9792965000015101, 0.9802584999997634, 0.9801904000014474, 0.9809302000012394, 0.980628400000569, 0.9809905000001891, 0.9801186999993661, 0.9808589999993274, 0.9818004000007932, 0.9820800999987114, 0.9815541000007215, 0.9802753000003577, 0.9822815999996237, 0.9789072999992641, 0.9793535999997403, 0.9797085999998671, 0.9807833000013488, 0.9802049000008992, 0.9811953000007634, 0.9813814000008279, 0.980820799999492, 0.9816198000007716, 0.9807027000006201, 0.9806614000008267, 0.9798417000001791, 0.982627199999115, 0.9805625999997574, 0.9821202000002813, 0.9804856999999174, 0.9818322999999509, 0.9824133999991318, 0.9810708000004524, 0.9805436000006011, 0.9814913000009255, 0.9787791999988258, 0.9784268999992491, 0.9793071000003692, 0.980189199999586, 0.9743989000016882, 0.980705100000705, 0.9806017000009888, 0.9809757999992144, 0.982176100000288, 0.9782795999999507, 0.9810092000006989, 0.9792711999998573, 0.9812483999994583, 0.9814303999992262, 0.9813950000007026, 0.981042500001422, 0.9801954999984446, 0.986968799999886, 0.9777424000003521, 0.9808495999986917, 0.9811337999999523, 0.980677999999898, 0.9812290999998368, 0.981529299999238, 0.9808618999995815, 0.9793943999993644, 0.9818755000014789, 0.9815368999989005, 0.9812920999993366, 0.9809187000009842, 0.9813947000002372, 0.9791067000005569, 0.9807778000013059, 0.9793199000014283, 0.981771500000832, 0.9816124000008131, 0.9794486000009783, 0.9809036999995442, 0.9806558999989647, 0.9813486999992165, 0.9807638999991468, 0.9807340000006661, 0.9800422999996954, 0.9807643999993161, 0.9796471999998175, 0.9805749000006472, 0.9804123000012623, 0.9825605999994877, 0.9819115000009333, 0.9807669000001624, 0.9806422000001476, 0.9636852000003273, 0.9796738999993977, 0.9787108999989869, 0.9808663000003435, 0.9807913000004191, 0.981995400001324, 0.9810612999990553, 0.9789678999986791, 0.980547099999967, 0.9813000000012835, 0.9810434000009991, 0.9818052999999054, 0.9798688000009861, 0.9837920000009035, 0.9806872999997722, 0.9808253999999579, 0.9808021000008011, 0.982089499999347, 0.9796074000005319, 0.9792495999990933, 0.9796805999994831, 0.972570199999609, 0.982465900000534, 0.9803468999998586, 0.981634199999462, 0.9816671000007773, 0.9790411000012682, 0.9795627999992575, 0.9822309999999561, 0.9750495999996929, 0.9811031999997795, 0.9825259000008373, 0.976493299998765, 0.9799738000001526, 0.9801509000008082, 0.9796387999995204, 0.9797264999997424, 0.9797411999988981, 0.9730269000010594, 0.979332599999907, 0.9800331999995251, 0.9801287999998749, 0.9803021999996417, 0.9803025000001071, 0.9825004000012996, 0.9818324999996548, 0.9789361000002827, 0.9805116999996244, 0.9817699999985052, 0.9818192000002455, 0.9809736999995948, 0.9813403999996808, 0.9774509999988368, 0.9791915000005247, 0.9805527000007714, 0.9807163999994373, 0.9800166999993962, 0.9792601999997714, 0.9800100000011298, 0.9801466999997501, 0.9784466000000975, 0.9807580999986385, 0.9811926000002131, 0.9823589000006905, 0.9815622000005533, 0.9803637999993953, 0.9802065999992919, 0.9784872000000178, 0.9812089000006381, 0.9815083999983472, 0.9811392000010528, 0.9804469000009703, 0.9809283000013238, 0.9794700999991619, 0.9807013999998162, 0.9854397999988578, 0.9808337000013125, 0.9768040999988443, 0.9807695999988937, 0.9799087999999756, 0.9798147000001336, 0.9830246000001353, 0.9811970999999176, 0.9786335000007966, 0.9802206000003935, 0.9815202000008867, 0.9806311000011192, 0.9793690999995306, 0.9817227000003186, 0.9806858000010834, 0.9806588999999803, 0.9796576999997342, 0.9816667000013695, 0.9818857000009302]
================LOSSES================
[1, 0.6983455321202883, 2, 0.6951338303028081, 3, 0.6902821977376294, 4, 0.6864017173557297, 5, 0.6964098448578119, 6, 0.6842657244497934, 7, 0.6858856631663386, 8, 0.6898136596323778, 9, 0.6916193621730586, 10, 0.6865551428273833, 11, 0.6986727256399624, 12, 0.7052243755536813, 13, 0.6991193951694586, 14, 0.6945282186125767, 15, 0.6827824524077477, 16, 0.6771116899283166, 17, 0.6742953022801724, 18, 0.6997614543847344, 19, 0.687725561867466, 20, 0.6742668691264386, 21, 0.678451167292279, 22, 0.6820111071927871, 23, 0.6870550457740242, 24, 0.6727492019974659, 25, 0.6776296684837323, 26, 0.6705318384801706, 27, 0.692211951651705, 28, 0.6825532163316496, 29, 0.6686774430959532, 30, 0.6655278678192901, 31, 0.659183113557069, 32, 0.674783483420543, 33, 0.6690769415485823, 34, 0.6590485769660935, 35, 0.6593409163345468, 36, 0.6653407253779018, 37, 0.658070567988122, 38, 0.6879166404594362, 39, 0.6770989054733119, 40, 0.6927052022312193, 41, 0.7239421267037592, 42, 0.6780592595834628, 43, 0.6838195501613804, 44, 0.7088195537878172, 45, 0.6591137434154976, 46, 0.660624018997948, 47, 0.6623778655089763, 48, 0.6548067554089043, 49, 0.6626322271038412, 50, 0.6872541618437876, 51, 0.6692972118703284, 52, 0.6633925096857495, 53, 0.6694827015948921, 54, 0.6510754280861563, 55, 0.6798364759808451, 56, 0.6638047156378847, 57, 0.6592315078162642, 58, 0.6596348756306705, 59, 0.6585885407324099, 60, 0.6780510082181398, 61, 0.6527771732417648, 62, 0.6476630914102641, 63, 0.6477982766188808, 64, 0.6529278504488238, 65, 0.6531352615175899, 66, 0.6722179267629003, 67, 0.6509786728584613, 68, 0.6659416103272667, 69, 0.6634353885374901, 70, 0.6452547910509587, 71, 0.6488956792183312, 72, 0.6552497468915062, 73, 0.6358672884958395, 74, 0.7021114534598698, 75, 0.7250350935553576, 76, 0.6910115303894758, 77, 0.6904727759117788, 78, 0.7011883343049616, 79, 0.693682774189237, 80, 0.6936759053257634, 81, 0.691347273152038, 82, 0.6920990606640011, 83, 0.6928567732925249, 84, 0.694021643875688, 85, 0.6928441585791345, 86, 0.692309222342835, 87, 0.689212431348629, 88, 0.6924660136882084, 89, 0.6910395078994067, 90, 0.6907196025535873, 91, 0.6906009725097821, 92, 0.6893903479225045, 93, 0.689957322520213, 94, 0.6851230913543332, 95, 0.6865781099724768, 96, 0.688191208168063, 97, 0.6963912236599927, 98, 0.6883615285758407, 99, 0.6880673639829107, 100, 0.6900307807908808, 101, 0.6882007742444537, 102, 0.6883831997526688, 103, 0.6907855836888023, 104, 0.6912362021501602, 105, 0.6825030202220392, 106, 0.6997899733230628, 107, 0.6901390933739014, 108, 0.6902088250752099, 109, 0.6912859812778791, 110, 0.6924114275787406, 111, 0.6921822714589656, 112, 0.6874344754391768, 113, 0.6832089934656982, 114, 0.6899110647613432, 115, 0.6874322511173588, 116, 0.6826819507297706, 117, 0.689277613685668, 118, 0.6833988157204524, 119, 0.6841326778410542, 120, 0.6840754848017937, 121, 0.6839408893591687, 122, 0.6830927902793116, 123, 0.6874217690121279, 124, 0.6814743058121963, 125, 0.6871756741965817, 126, 0.6843231117462206, 127, 0.6854238278712623, 128, 0.6792245840881634, 129, 0.6833345021743119, 130, 0.6838706744056989, 131, 0.6805823167854758, 132, 0.6820513589894701, 133, 0.6826787901270396, 134, 0.6852635279389176, 135, 0.6816980883730378, 136, 0.6942315288222446, 137, 0.6841716522134538, 138, 0.6798511330785805, 139, 0.6889942269792343, 140, 0.6832613816792059, 141, 0.6825087131797472, 142, 0.683583640753732, 143, 0.6859071469783424, 144, 0.6867984392245481, 145, 0.6787742862342799, 146, 0.6791570224140714, 147, 0.6802061121866578, 148, 0.6716780016405631, 149, 0.6817056689828007, 150, 0.6815986812853049, 151, 0.6814204736085497, 152, 0.6792279394461528, 153, 0.6785016745177669, 154, 0.6833590125841229, 155, 0.6773493380494228, 156, 0.6746095623342501, 157, 0.6720364480134862, 158, 0.6751896056308925, 159, 0.6862208757593704, 160, 0.6881555989711982, 161, 0.6691587000694987, 162, 0.6622908396035879, 163, 0.6743888489365825, 164, 0.6697882804735343, 165, 0.6593701788298085, 166, 0.666217196920938, 167, 0.6665565766835928, 168, 0.6517128612359604, 169, 0.6568716191521158, 170, 0.6569196312268858, 171, 0.6599248756480327, 172, 0.6983030966389248, 173, 0.6689320363353523, 174, 0.6656754773701253, 175, 0.6620778952726373, 176, 0.663506671420029, 177, 0.6542828934216874, 178, 0.6744235245767126, 179, 0.6625852820298255, 180, 0.6675113441948719, 181, 0.7175901018839234, 182, 0.6945052524703411, 183, 0.6510482302657405, 184, 0.6615407005669206, 185, 0.6615648205656603, 186, 0.6595631133681853, 187, 0.7042344730242636, 188, 0.6742717236014104, 189, 0.6670518796397183, 190, 0.6555333120337687, 191, 0.6553710233201623, 192, 0.6500574015046944, 193, 0.6506030537542804, 194, 0.6537668275736124, 195, 0.662006146893346, 196, 0.6635236361438028, 197, 0.6803578777268285, 198, 0.6528472871318728, 199, 0.6445549453636198, 200, 0.6517222418032361, 201, 0.6388655091168874, 202, 0.6413618113269824, 203, 0.6720965110096333, 204, 0.6773377540159828, 205, 0.6489741717800119, 206, 0.6355001386697638, 207, 0.6541566040654719, 208, 0.6654824115891879, 209, 0.6343718510059413, 210, 0.6243227860356825, 211, 0.7121493382715041, 212, 0.8233048534448969, 213, 0.7467973889403976, 214, 0.6986566676970537, 215, 0.6939468636471361, 216, 0.691978557929044, 217, 0.689868699929321, 218, 0.688625816667304, 219, 0.6890636670962738, 220, 0.6893595485986738, 221, 0.6900770528745801, 222, 0.6891768433708759, 223, 0.6883453269443195, 224, 0.6892769151174275, 225, 0.6853674305055434, 226, 0.691262141676576, 227, 0.6922987380428548, 228, 0.6920845281227744, 229, 0.6877448743661708, 230, 0.689820710416823, 231, 0.6870676435432396, 232, 0.6879754008344477, 233, 0.6935806349784309, 234, 0.6919587371814515, 235, 0.6891186131928028, 236, 0.6906038287604166, 237, 0.6800159219562554, 238, 0.6917238171061131, 239, 0.6904536197221103, 240, 0.6938414503559092, 241, 0.6927929930004774, 242, 0.6922493259095484, 243, 0.6928718178356988, 244, 0.693284011598077, 245, 0.6922381274378231, 246, 0.6936067449526593, 247, 0.693663195794524, 248, 0.6930489258599465, 249, 0.6913956231913772, 250, 0.6933221105504243, 251, 0.6916497811134318, 252, 0.6916328109847527, 253, 0.6918978612999797, 254, 0.6904223332195104, 255, 0.6895870649904566, 256, 0.6919705516660833, 257, 0.6894504693690484, 258, 0.6913198180957784, 259, 0.6916021311071577, 260, 0.6807469642853677, 261, 0.6861409282758061, 262, 0.6902401870416571, 263, 0.6914759645368828, 264, 0.6892459554738903, 265, 0.6807723431410382, 266, 0.6865209690850531, 267, 0.6835240747587058, 268, 0.6824669550579612, 269, 0.6900631013547115, 270, 0.6875554954624593, 271, 0.6887419046652398, 272, 0.6810532924341363, 273, 0.6840609834831376, 274, 0.6880258171923345, 275, 0.6876713144873776, 276, 0.6822835859952484, 277, 0.6858501297120853, 278, 0.6899657619962464, 279, 0.6838111597843046, 280, 0.6844256997206116, 281, 0.6859683660299558, 282, 0.6856687879752547, 283, 0.6874306128286571, 284, 0.6848088334533101, 285, 0.6635782292231278, 286, 0.6664913998259498, 287, 0.6981580585089566, 288, 0.6637743376772971, 289, 0.6635739370960125, 290, 0.7170259058516497, 291, 0.66758645087292, 292, 0.6837287908963449, 293, 0.6783057972515592, 294, 0.6595869778866063, 295, 0.6606661810638241, 296, 0.6934584660557106, 297, 0.6590692489955822, 298, 0.6547105675812158, 299, 0.6821031842729848, 300, 0.6611991580943217, 301, 0.662249544318898, 302, 0.6619880054559836, 303, 0.6571936419935845, 304, 0.6486355217084924, 305, 0.6492101322027464, 306, 0.6533944576761497, 307, 0.6545506103007115, 308, 0.6732722435555855, 309, 0.6653107963315944, 310, 0.6469677350031406, 311, 0.6636476622304894, 312, 0.6529261183846258, 313, 0.6475730233924064, 314, 0.6856721213827703, 315, 0.670697720438218, 316, 0.6408364278720476, 317, 0.659512449857078, 318, 0.6563932914645543, 319, 0.6459597870941081, 320, 0.6277420523003832, 321, 0.6486673230185221, 322, 0.6519001660133042, 323, 0.6561116591324363, 324, 0.6478098321950847, 325, 0.6770444557403092, 326, 0.6478343917715454, 327, 0.6573808389854665, 328, 0.6428691499729134, 329, 0.6388215910919743, 330, 0.6341785887247839, 331, 0.7008851155931893, 332, 0.644310163067567, 333, 0.6412760081190897, 334, 0.6344380373696887, 335, 0.6405029459469914, 336, 0.654972153573703, 337, 0.6557160889753888, 338, 0.7176506873196205, 339, 0.6526166654454942, 340, 0.6287844517249249, 341, 0.6466293281620213, 342, 0.6326631529283874, 343, 0.6277043282035557, 344, 0.622995849246213, 345, 0.6616778621537398, 346, 0.701385739780549, 347, 0.6331744990199275, 348, 0.6463578724714788, 349, 0.6475876799333983, 350, 0.6370421628609346, 351, 0.6282396570197627, 352, 0.6444755930746945, 353, 0.6368706460762344, 354, 0.6412993284378754, 355, 0.6272454085873309, 356, 0.6314550006875216, 357, 0.6310817378977996, 358, 0.6500558140778268, 359, 0.6432247221118311, 360, 0.6295061288995293, 361, 0.6441651757524056, 362, 0.6375419918650161, 363, 0.6297618451433118, 364, 0.6233340044705997, 365, 0.6394597383961649, 366, 0.6348768954519335, 367, 0.6935011581545348, 368, 0.626885017210008, 369, 0.6037295113999277, 370, 0.626365609941479, 371, 0.6214432173760973, 372, 0.6393824414282162, 373, 0.676355805608263, 374, 0.6752257361287738, 375, 0.6250793784101231, 376, 0.6099004267060376, 377, 0.6298130473173755, 378, 0.6021110752828887, 379, 0.6140872067108252, 380, 0.7259171396658226, 381, 0.6231120176419154, 382, 0.6712880928313365, 383, 0.6218447230316302, 384, 0.6742279068591895, 385, 0.6278626830645262, 386, 0.6104849957418362, 387, 0.6460332977773646, 388, 0.6069345924886949, 389, 0.6610452953988639, 390, 0.6308203954491797, 391, 0.625113100648774, 392, 0.610644043347435, 393, 0.6176058645951299, 394, 0.6190856229102856, 395, 0.6078763743243643, 396, 0.5947449587429541, 397, 0.6443670889685592, 398, 0.6038237888923004, 399, 0.6053796661209164, 400, 0.6103062821323547, 401, 0.6173075911985575, 402, 0.6079813986451426, 403, 0.6616836791337909, 404, 0.6106868472878667, 405, 0.7401881232890679, 406, 0.6166303117202715, 407, 0.6215733579542889, 408, 0.6189113694451495, 409, 0.6271183066885526, 410, 0.6065086947758784, 411, 0.6232250184585617, 412, 0.6156857443373149, 413, 0.6275681559112465, 414, 0.6127665855268465, 415, 0.6815029750532137, 416, 0.6214895754986918, 417, 0.6453718109108557, 418, 0.6385199237624513, 419, 0.6030442841005509, 420, 0.5927627649706032, 421, 0.5966552096130869, 422, 0.6086188663212732, 423, 0.6146333843176047, 424, 0.5817018314343533, 425, 0.5882300527211028, 426, 0.6448521746031763, 427, 0.6039557410705656, 428, 0.6156204216215377, 429, 0.6421652079471637, 430, 0.5844053358431576, 431, 0.6709773258274879, 432, 0.5944958242301789, 433, 0.6485574686962352, 434, 0.5917071749301072, 435, 0.6119693064489988, 436, 0.5944600489294534, 437, 0.5926942853689097, 438, 0.5894905593989654, 439, 0.5994821510202608, 440, 0.631429106967937, 441, 0.5889027297363386, 442, 0.5863241249575826, 443, 0.6240586176845779, 444, 0.6406444814094505, 445, 0.5927301745552621, 446, 0.636931244042206, 447, 0.6348594826548656, 448, 0.5881057273722601, 449, 0.5778988372397561, 450, 0.5912567592907944, 451, 0.5893645482440809, 452, 0.5794314284395818, 453, 0.583405949025728, 454, 0.5684290390493133, 455, 0.5907622283942263, 456, 0.6167544763330581, 457, 0.6248116295499306, 458, 0.5777462930266986, 459, 0.6987975878805099, 460, 0.5662713280956609, 461, 0.6802722788435084, 462, 0.5932690391919868, 463, 0.6263652503956177, 464, 0.5923018283113338, 465, 0.5757140880775623, 466, 0.5790782817588468, 467, 0.5839404690972541, 468, 0.5827410023756612, 469, 0.5881390099343627, 470, 0.5754327924642996, 471, 0.5759704897620985, 472, 0.5956456545624205, 473, 0.5730161270266464, 474, 0.5712318230761985, 475, 0.6058743095729499, 476, 0.6043902211429665, 477, 0.5798997614975173, 478, 0.5926317308314735, 479, 0.5898234723711171, 480, 0.5897392485936636, 481, 0.6382984306317407, 482, 0.5925480801282282, 483, 0.6438979075941111, 484, 0.5844083680371862, 485, 0.6241760418675962, 486, 0.585786895495898, 487, 0.5929291273015375, 488, 0.6381712160272157, 489, 0.5783630220967649, 490, 0.601874253795781, 491, 0.568921653515219, 492, 0.5997423465516954, 493, 0.5846511704081079, 494, 0.5659591189547775, 495, 0.5542163550210896, 496, 0.5681908198440907, 497, 0.5638267541568485, 498, 0.5654119399498687, 499, 0.5732115175250314, 500, 0.5589809792685803, 501, 0.5644256783701305, 502, 0.5576240341561028, 503, 0.5823030922903731, 504, 0.6051260365150539, 505, 0.5608714567571511, 506, 0.5774027208019652, 507, 0.6781368154270692, 508, 0.7107977665938771, 509, 0.6437415102016454, 510, 0.6624544372279829, 511, 0.5930800593689682, 512, 0.5673888320633453, 513, 0.5728671712882552, 514, 0.5821867008653567, 515, 0.5557894756586746, 516, 0.5634379270328754, 517, 0.5500775436934461, 518, 0.6187074709364626, 519, 0.5855328730537787, 520, 0.5653458249452521, 521, 0.5762633512193607, 522, 0.5624394140524489, 523, 0.6578003386179543, 524, 0.6700382770376178, 525, 0.5765063190545935, 526, 0.6213532067923587, 527, 0.5519594945652481, 528, 0.5550044389544962, 529, 0.5742738127739146, 530, 0.6194605003612139, 531, 0.5641391170652326, 532, 0.5466970591487795, 533, 0.5594824248853459, 534, 0.5478495207562292, 535, 0.5645366227868702, 536, 0.5512060766368106, 537, 0.5695314214284942, 538, 0.5441564724873849, 539, 0.5770034358772995, 540, 0.5564670424118474, 541, 0.5262825008295319, 542, 0.5456329877590582, 543, 0.5512643280348306, 544, 0.5537334642708553, 545, 0.5487979680697573, 546, 0.5290602658854381, 547, 0.5522792947836254, 548, 0.541275169942464, 549, 0.5700011011844646, 550, 0.6872674456496631, 551, 0.5820294354954545, 552, 0.5442717743320934, 553, 0.5614035556628715, 554, 0.5652759409265498, 555, 0.5406847927367516, 556, 0.5483272451941363, 557, 0.5409189305499481, 558, 0.6100241668516426, 559, 0.5982381120053687, 560, 0.5806265318511489, 561, 0.5286733651529381, 562, 0.562615783708323, 563, 0.5724600031706709, 564, 0.5191094558949612, 565, 0.5498312309344081, 566, 0.5390807857626166, 567, 0.6252152581434954, 568, 0.5877895979181654, 569, 0.5349861084171937, 570, 0.5819836948130427, 571, 0.5772332067696124, 572, 0.5524963740679186, 573, 0.5454411118727687, 574, 0.5404286781887866, 575, 0.5504067573028687, 576, 0.5286423530032482, 577, 0.5527280774611557, 578, 0.5274035472461016, 579, 0.5401470109212041, 580, 0.5428448920176799, 581, 0.5874300714291505, 582, 0.528304755082566, 583, 0.5323816922555246, 584, 0.5602262517018665, 585, 0.5252547197453994, 586, 0.53259885481171, 587, 0.5390248880946799, 588, 0.5251906249089164, 589, 0.5266123378887031, 590, 0.52294022709122, 591, 0.5133153020308077, 592, 0.543732727380123, 593, 0.5126061071546134, 594, 0.5438006726626897, 595, 0.5842200308128941, 596, 0.6411909649536573, 597, 0.5253445157880013, 598, 0.5391010842826847, 599, 0.5356349725811062, 600, 0.535553681952253, 601, 0.5220724291675846, 602, 0.5394885529287102, 603, 0.5670736863938514, 604, 0.5169133090398419, 605, 0.5133476578303502, 606, 0.5291023188912561, 607, 0.5485728329532913, 608, 0.6304703516117485, 609, 0.550308206406909, 610, 0.5269943683811931, 611, 0.6068925705415693, 612, 0.5556987330100323, 613, 0.5430500811887127, 614, 0.5687026644776334, 615, 0.5329727253699553, 616, 0.6222781775512083, 617, 0.548869437899156, 618, 0.5377757161337309, 619, 0.4937211882528548, 620, 0.5338606387019702, 621, 0.566841948128206, 622, 0.5383774221849004, 623, 0.5082411533641449, 624, 0.5404763184829796, 625, 0.5981693239702885, 626, 0.5330282416435556, 627, 0.5366238849882996, 628, 0.5045039941006365, 629, 0.5149558749102724, 630, 0.5109882496183359, 631, 0.5156135867945009, 632, 0.5175347101954593, 633, 0.5043390326490674, 634, 0.5584626957345065, 635, 0.5787071406711637, 636, 0.5230979486115541, 637, 0.5271215020032157, 638, 0.5531611334091291, 639, 0.5155692737583227, 640, 0.5050527499752607, 641, 0.5214947940098802, 642, 0.5323800822754341, 643, 0.5111942886029491, 644, 0.5163134256773355, 645, 0.5230411686278592, 646, 0.5251204879728608, 647, 0.49194163112809036, 648, 0.4986515636124526, 649, 0.5261448341139655, 650, 0.5117963166456595, 651, 0.4997559645979257, 652, 0.4886046545003971, 653, 0.5117158889296134, 654, 0.5353164373274362, 655, 0.5389560945866083, 656, 0.6061701581358423, 657, 0.49951542284057665, 658, 0.5194266887322039, 659, 0.5252514621964975, 660, 0.5232834088921093, 661, 0.5098963927503085, 662, 0.49372971120028086, 663, 0.47299262993619307, 664, 0.506473021376592, 665, 0.5202604703315297, 666, 0.5208635108666608, 667, 0.4910734101616246, 668, 0.5567820135169798, 669, 0.5352356184097117, 670, 0.49306831362986764, 671, 0.500889348729041, 672, 0.5442161472362391, 673, 0.5110013272308047, 674, 0.5243779096107495, 675, 0.4974940674199724, 676, 0.46325676767500834, 677, 0.5036711339734479, 678, 0.5307563102350258, 679, 0.4851239173163977, 680, 0.5329970314838561, 681, 0.4943683350054173, 682, 0.6125453149389004, 683, 0.5804846163159811, 684, 0.5934660248803175, 685, 0.5594832025073824, 686, 0.5186184632923714, 687, 0.4687810403575726, 688, 0.4650038932389805, 689, 0.4676870192754413, 690, 0.45833700611911954, 691, 0.4814505982717621, 692, 0.4998444239910522, 693, 0.4782336898027623, 694, 0.4694442370049006, 695, 0.4876734574747225, 696, 0.4822989569093244, 697, 0.4920978147837333, 698, 0.521757625744577, 699, 0.5895401291757872, 700, 0.5111667080394722, 701, 0.5027657006050569, 702, 0.4777869327674532, 703, 0.4645601452315025, 704, 0.4737424054951883, 705, 0.4758017275252966, 706, 0.4658823914207642, 707, 0.4608175143706177, 708, 0.47474043859406223, 709, 0.5244565972738235, 710, 0.5254874701273247, 711, 0.5022666124967294, 712, 0.4793975825103874, 713, 0.47585804176824154, 714, 0.46393622051473365, 715, 0.5506515566407248, 716, 0.48423676265981874, 717, 0.4643120347364371, 718, 0.5377588090697418, 719, 0.6430609214712191, 720, 0.5696576678873724, 721, 0.5273076457246626, 722, 0.6771198058750237, 723, 0.49575008082225663, 724, 0.5095828265735369, 725, 0.5346545582136678, 726, 0.4697818118224767, 727, 0.48613915366373334, 728, 0.4784274871212739, 729, 0.4606936408121955, 730, 0.476166959125116, 731, 0.5416754716055152, 732, 0.5473482753637103, 733, 0.4705229428939684, 734, 0.46804844889510955, 735, 0.5145123458098646, 736, 0.5365845220677445, 737, 0.6275754378864116, 738, 0.5044465856586605, 739, 0.4702345558655756, 740, 0.4942997609540493, 741, 0.44979323638333696, 742, 0.5036105861377631, 743, 0.4498927061693099, 744, 0.4775364941805343, 745, 0.46217510114974447, 746, 0.4634043830239678, 747, 0.5420149289494873, 748, 0.48527234491679466, 749, 0.46911650330294763, 750, 0.45595839617674794, 751, 0.47328712783218346, 752, 0.4836968000883576, 753, 0.4604939084238214, 754, 0.4568571531151163, 755, 0.4207610857911407, 756, 0.4773390069941452, 757, 0.4458341906637786, 758, 0.4379017135578211, 759, 0.4682644805734161, 760, 0.4905661851194034, 761, 0.4739993865183959, 762, 0.4478694451574646, 763, 0.48608536053740126, 764, 0.5246979354937334, 765, 0.47661859078161584, 766, 0.4769422517532811, 767, 0.4886574745708754, 768, 0.4576573461850535, 769, 0.46613138279236455, 770, 0.4418567906811231, 771, 0.4610687307339665, 772, 0.4724749542877105, 773, 0.49483727086408574, 774, 0.44547742417759384, 775, 0.47458558910739684, 776, 0.4629997576212887, 777, 0.48078548343144806, 778, 0.46192104074814516, 779, 0.4960592948899883, 780, 0.5429783267854478, 781, 0.511143636528299, 782, 0.45720533042622047, 783, 0.46666883931385755, 784, 0.44992034611894033, 785, 0.4533133127030126, 786, 0.4631973916211038, 787, 0.431060102620452, 788, 0.44007502090117245, 789, 0.4342736412886235, 790, 0.5604027142200755, 791, 0.4531488563739751, 792, 0.7168245619841085, 793, 0.5261749364760026, 794, 0.5330790926574165, 795, 0.5909398769934915, 796, 0.4639544685600032, 797, 0.6259353160622396, 798, 0.4690154819439568, 799, 0.5444134833854661, 800, 0.5051504150663351, 801, 0.47994547333126036, 802, 0.5650528183234045, 803, 0.46527515891771715, 804, 0.4897814727081536, 805, 0.6135047227154177, 806, 0.4804502389802034, 807, 0.4698039014945981, 808, 0.46970686022518093, 809, 0.46107938769698353, 810, 0.4923243703512764, 811, 0.48608458677300576, 812, 0.45249453922049243, 813, 0.45432610199939405, 814, 0.4678826226653605, 815, 0.44040223370067666, 816, 0.4444880252581339, 817, 0.49117476893610107, 818, 0.4267966669184206, 819, 0.45572218965912625, 820, 0.4785169752811689, 821, 0.47154989169544237, 822, 0.4429990746381876, 823, 0.44362000932545775, 824, 0.43936736659022857, 825, 0.4348787601520345, 826, 0.417499857541567, 827, 0.6184010124488841, 828, 0.4609658831075745, 829, 0.4658229006114381, 830, 0.467121230866864, 831, 0.44861113497521743, 832, 0.43482222031052153, 833, 0.43927030745118645, 834, 0.4656255748789341, 835, 0.44222452918746047, 836, 0.46207964517737743, 837, 0.44819611733049836, 838, 0.4306170413714893, 839, 0.4186283104997943, 840, 0.4632346996506432, 841, 0.4629420613153573, 842, 0.4504612239496991, 843, 0.4473621945306776, 844, 0.49578006926307344, 845, 0.42951530008050115, 846, 0.42014358731857754, 847, 0.4328508888163228, 848, 0.47902570107041664, 849, 0.436645892879312, 850, 0.4633203639358914, 851, 0.5171127320901893, 852, 0.5065765212442733, 853, 0.44802365294824265, 854, 0.45200276438540854, 855, 0.44948403587863994, 856, 0.42737970798554165, 857, 0.4524582067447524, 858, 0.4346936526627269, 859, 0.5497826500345252, 860, 0.4887406076524992, 861, 0.5565821778459553, 862, 0.5880421681614361, 863, 0.4859969863425613, 864, 0.412232393642104, 865, 0.4266171622331514, 866, 0.4920760218909553, 867, 0.4781562932751403, 868, 0.4303620245786884, 869, 0.4192393125307977, 870, 0.4355315862173788, 871, 0.4297611202546523, 872, 0.4436295699727553, 873, 0.4933382032587115, 874, 0.542774374086344, 875, 0.49321239634909186, 876, 0.45438068524963693, 877, 0.4456414291725568, 878, 0.5219531782423468, 879, 0.5360566590570955, 880, 0.429297735391513, 881, 0.46180109541978964, 882, 0.4709911816812587, 883, 0.4205092358364436, 884, 0.41506471364393516, 885, 0.5225067333646827, 886, 0.49382178615066763, 887, 0.41509433533890105, 888, 0.44308197860881393, 889, 0.5015440210900843, 890, 0.4670913502356536, 891, 0.4728175024213829, 892, 0.4269213059924279, 893, 0.4263825283929774, 894, 0.49760763992004853, 895, 0.40635184460454804, 896, 0.4318472927312422, 897, 0.4457427424608805, 898, 0.4519339854375781, 899, 0.5323614567361946, 900, 0.4596077185504631, 901, 0.420439973848003, 902, 0.4117507450180557, 903, 0.3780833383585481, 904, 0.3899103438378259, 905, 0.42482841711456587, 906, 0.5371968591892794, 907, 0.4520849430037399, 908, 0.5003822569746654, 909, 0.5325207290125352, 910, 0.4974777751656505, 911, 0.4113279171274132, 912, 0.46065596557975486, 913, 0.4648775680405495, 914, 0.5078109399378343, 915, 0.4116734930969067, 916, 0.4095537245135711, 917, 0.3899077594731597, 918, 0.3856255316069053, 919, 0.4166054670345124, 920, 0.3921183692583533, 921, 0.41533042647053675, 922, 0.4169402058860473, 923, 0.40697355087422, 924, 0.4038333815518458, 925, 0.4053947969357111, 926, 0.4130911056688261, 927, 0.401362843146988, 928, 0.37419510587719884, 929, 0.401630735636939, 930, 0.47479919477087607, 931, 0.4986087811886006, 932, 0.4362695450799242, 933, 0.4396896466394181, 934, 0.39287210809477907, 935, 0.42720395260953703, 936, 0.4205347924233223, 937, 0.42342338172225147, 938, 0.4173197489151453, 939, 0.4621617833679487, 940, 0.42844397037385534, 941, 0.4166073532482997, 942, 0.47383425773532084, 943, 0.5745308363362739, 944, 0.5015944922638415, 945, 0.41181142108772384, 946, 0.43325200478565107, 947, 0.4880396902200805, 948, 0.41469910344221034, 949, 0.40363493915611726, 950, 0.40309950567538877, 951, 0.38040357483675735, 952, 0.4183915274745219, 953, 0.4031209175913854, 954, 0.3960959561959767, 955, 0.3856669454993923, 956, 0.44761583413058603, 957, 0.3891813003374236, 958, 0.3941730770919242, 959, 0.37033056715413337, 960, 0.39437245656690656, 961, 0.46460230746584813, 962, 0.4227613088742554, 963, 0.4374322538143751, 964, 0.43507483775854483, 965, 0.4823500363673565, 966, 0.5657147944988815, 967, 0.624265029488679, 968, 0.440224366973601, 969, 0.3905606909153059, 970, 0.4156836169630877, 971, 0.39721864833368914, 972, 0.5002330446458829, 973, 0.3901089263396976, 974, 0.36352688885321177, 975, 0.38379704852963714, 976, 0.4867528856557986, 977, 0.5569347178023809, 978, 0.4010993338355809, 979, 0.43998620720148274, 980, 0.47992513434398926, 981, 0.42107948928690603, 982, 0.3803201456393818, 983, 0.3842399548489599, 984, 0.399918647927629, 985, 0.3708327740046518, 986, 0.40769099483292237, 987, 0.3849532479589932, 988, 0.5062873202554689, 989, 0.49551885259636613, 990, 0.4009331943474827, 991, 0.4812906571756738, 992, 0.5854781476450388, 993, 0.3910717682914324, 994, 0.4097910918315631, 995, 0.6257703312379967, 996, 0.3822302836046801, 997, 0.4473035652365785, 998, 0.4528093723162829, 999, 0.40573311998098865, 1000, 0.4081526456691256, 1001, 0.405270944609379, 1002, 0.4027657412561978, 1003, 0.37952901292405444, 1004, 0.3669299560579357, 1005, 0.3658508037442024, 1006, 0.37315606189866485, 1007, 0.35324132786294776, 1008, 0.39909719945134475, 1009, 0.4107477685245884, 1010, 0.3933721812319343, 1011, 0.3794245102207511, 1012, 0.4137111553509771, 1013, 0.37893533046469435, 1014, 0.358803755376088, 1015, 0.37178513443774, 1016, 0.35555938102171425, 1017, 0.4036695535057808, 1018, 0.4256843635058802, 1019, 0.36707926924332335, 1020, 0.35893418570729607, 1021, 0.37278277153152134, 1022, 0.3825353779777829, 1023, 0.40067826943411433, 1024, 0.43801977735274433, 1025, 0.39562435281701575, 1026, 0.3539598614037378, 1027, 0.3859469507166788, 1028, 0.4518435069527558, 1029, 0.46280663034328895, 1030, 0.49152102197976283, 1031, 0.5249245326471814, 1032, 0.4037529986902313, 1033, 0.3522578174541773, 1034, 0.3906514931117293, 1035, 0.40354297753461765, 1036, 0.4056370567113268, 1037, 0.4174168893058773, 1038, 0.39815061167985144, 1039, 0.3771633487060278, 1040, 0.326318141801649, 1041, 0.3475830577844215, 1042, 0.352699093118855, 1043, 0.37242937300943196, 1044, 0.3716547646834401, 1045, 0.36186877776321097, 1046, 0.35411379078245087, 1047, 0.3432924018543929, 1048, 0.32768335103802204, 1049, 0.39303075469928034, 1050, 0.3667255510651896, 1051, 0.3874148172663556, 1052, 0.408727644131857, 1053, 0.44084875194904527, 1054, 0.38776427879466285, 1055, 0.37547928237630723, 1056, 0.3398278354969612, 1057, 0.35307796595834523, 1058, 0.4466427230968631, 1059, 0.48650638062097706, 1060, 0.4178410830420333, 1061, 0.3714154802021308, 1062, 0.38696789037781065, 1063, 0.48804062743771986, 1064, 0.41553228902931594, 1065, 0.40607503503379383, 1066, 0.3960166595537821, 1067, 0.42136857521526255, 1068, 0.4289709578137969, 1069, 0.3761189525233049, 1070, 0.4020003324141472, 1071, 0.3783569219664815, 1072, 0.37137937532856113, 1073, 0.4456120203582762, 1074, 0.5031790291590008, 1075, 0.4193532940738483, 1076, 0.3661618112365914, 1077, 0.36000038699589154, 1078, 0.3345243207128509, 1079, 0.36550073211190837, 1080, 0.3691798459270243, 1081, 0.36347565963703105, 1082, 0.3449174495449035, 1083, 0.3353722845692429, 1084, 0.3759829913933781, 1085, 0.3387057811384401, 1086, 0.35045943906454646, 1087, 0.34097888416972394, 1088, 0.35012796364583393, 1089, 0.4946020877028676, 1090, 0.37985019312470886, 1091, 0.40260987082231564, 1092, 0.40264978890829767, 1093, 0.37046133415534954, 1094, 0.34590728360795536, 1095, 0.3378302200863685, 1096, 0.41861676534904435, 1097, 0.4536000104817499, 1098, 0.4238315866704604, 1099, 0.3670677426223905, 1100, 0.3645422712240389, 1101, 0.33728065649484534, 1102, 0.3244828537875046, 1103, 0.33284430652268143, 1104, 0.3541271238944767, 1105, 0.40785425663551744, 1106, 0.34945147129459586, 1107, 0.33949470578053276, 1108, 0.3710476481277495, 1109, 0.375737835878126, 1110, 0.4365820429226568, 1111, 0.3338104468941142, 1112, 0.3274830086038129, 1113, 0.36863513424461986, 1114, 0.4192929760583256, 1115, 0.3467721904435262, 1116, 0.3311007762539569, 1117, 0.33537188726506656, 1118, 0.4468886900452436, 1119, 0.4170431686744541, 1120, 0.43442469012125856, 1121, 0.35545987820037606, 1122, 0.35482402284865644, 1123, 0.4907178993883399, 1124, 0.4195398326863375, 1125, 0.43891514302518864, 1126, 0.545102407003373, 1127, 0.4825945966291819, 1128, 0.46021371181646653, 1129, 0.3391584005394961, 1130, 0.39375292828975716, 1131, 0.42487619935658166, 1132, 0.4453423658506081, 1133, 0.3541478272407011, 1134, 0.3320595204211114, 1135, 0.35369149447053955, 1136, 0.39609438360190646, 1137, 0.3234624721465791, 1138, 0.3201345906904675, 1139, 0.37645449429948374, 1140, 0.34244249810910177, 1141, 0.3330417257944896, 1142, 0.33247611058115695, 1143, 0.38776821571719444, 1144, 0.3351080141492725, 1145, 0.34925206290214184, 1146, 0.3245994877092451, 1147, 0.35132054746758223, 1148, 0.31477765466454743, 1149, 0.3302234871516175, 1150, 0.4181504328895446, 1151, 0.31847419431553436, 1152, 0.38863411211906895, 1153, 0.3397066509281968, 1154, 0.35497459104460916, 1155, 0.34584599395076226, 1156, 0.35017571379394097, 1157, 0.3480858249326715, 1158, 0.3194028531023045, 1159, 0.33204605337892046, 1160, 0.4259138147613225, 1161, 0.3542235840033301, 1162, 0.4025701859148154, 1163, 0.3584084607994788, 1164, 0.3361504085217612, 1165, 0.3451153903943869, 1166, 0.3306802120475676, 1167, 0.34363035905915296, 1168, 0.3437989282414576, 1169, 0.3961806413361177, 1170, 0.3392672094820606, 1171, 0.3197235289910235, 1172, 0.35138766204210004, 1173, 0.3174592037964982, 1174, 0.3185055691112288, 1175, 0.337846453068379, 1176, 0.3696392617670878, 1177, 0.36409464022431065, 1178, 0.4368377261214521, 1179, 0.3962261219739619, 1180, 0.4001890202094357, 1181, 0.4033259382192664, 1182, 0.45188858604171955, 1183, 0.35550642124953213, 1184, 0.3573606007015649, 1185, 0.37329414177895365, 1186, 0.3183840685865108, 1187, 0.33234829467315524, 1188, 0.37515547492902807, 1189, 0.34978904690562546, 1190, 0.3397317302701706, 1191, 0.3146702550741172, 1192, 0.3320420345646487, 1193, 0.5437219267082318, 1194, 0.44002481298838064, 1195, 0.3631840148655287, 1196, 0.3273892500095383, 1197, 0.31870542561592113, 1198, 0.343382197472083, 1199, 0.32858579937819576, 1200, 0.32931223340873195, 1201, 0.35546650347960707, 1202, 0.33535202283178517, 1203, 0.3151901427115517, 1204, 0.32206203551968626, 1205, 0.29605555068563205, 1206, 0.305723073297868, 1207, 0.316224676854947, 1208, 0.32942137446398606, 1209, 0.36261708294442585, 1210, 0.3235960998214163, 1211, 0.32489282452553286, 1212, 0.33200409510291296, 1213, 0.31905237414162607, 1214, 0.32024214475994156, 1215, 0.31927775881965814, 1216, 0.3397744023235819, 1217, 0.34131775237773393, 1218, 0.3559210684313443, 1219, 0.35077997604041583, 1220, 0.4330118694741356, 1221, 0.3278672183102019, 1222, 0.33397710367082395, 1223, 0.33984223841228967, 1224, 0.32545050906796447, 1225, 0.3189767720091454, 1226, 0.31870297927384755, 1227, 0.322116543228025, 1228, 0.3134261241106733, 1229, 0.36520321688014123, 1230, 0.3493361377068224, 1231, 0.3028869742931739, 1232, 0.3773143361751633, 1233, 0.32018532242187364, 1234, 0.422247301607526, 1235, 0.30618244801373096, 1236, 0.31541668139366935, 1237, 0.3801290887375289, 1238, 0.3983891484859089, 1239, 0.42756901382047324, 1240, 0.37702461239166696, 1241, 0.40688320240925835, 1242, 0.2989546583601931, 1243, 0.31432294201603367, 1244, 0.35862934611730934, 1245, 0.3535141747833291, 1246, 0.32994036208962285, 1247, 0.314926064155545, 1248, 0.41121078648979087, 1249, 0.37674373175043435, 1250, 0.4727088096277764, 1251, 0.5176607737299945, 1252, 0.3605607348588267, 1253, 0.312470880228734, 1254, 0.32216652994743444, 1255, 0.3566923195628173, 1256, 0.3849905778086864, 1257, 0.32278557802129143, 1258, 0.32098956731410555, 1259, 0.33674782280683524, 1260, 0.3170952186052169, 1261, 0.3958350001456055, 1262, 0.3678170023787027, 1263, 0.3481733331070066, 1264, 0.43166986348977276, 1265, 0.42603802983567357, 1266, 0.3485491809622369, 1267, 0.3561029216619411, 1268, 0.3117372510431657, 1269, 0.2955776155597473, 1270, 0.29988157602105747, 1271, 0.3137460330673546, 1272, 0.3705962760428641, 1273, 0.3195516296266094, 1274, 0.30163916670630186, 1275, 0.3075407367391682, 1276, 0.2999341884957591, 1277, 0.3066751142327008, 1278, 0.37099841985546433, 1279, 0.36022968980711395, 1280, 0.3628581000401856, 1281, 0.37292311315796456, 1282, 0.38045354574105494, 1283, 0.30860893442416826, 1284, 0.3265909535620206, 1285, 0.4361879476815472, 1286, 0.46570295179285837, 1287, 0.3385371759552984, 1288, 0.29238144760773793, 1289, 0.29565385519048454, 1290, 0.3549977766984445, 1291, 0.4199606496743936, 1292, 0.35650311290481673, 1293, 0.32728083192689317, 1294, 0.3017000107652972, 1295, 0.27710510422676354, 1296, 0.30670456791708334, 1297, 0.3167724808409045, 1298, 0.29728969532998994, 1299, 0.2946938435185227, 1300, 0.29923642314689985, 1301, 0.2894991154387765, 1302, 0.2933147364909751, 1303, 0.3173472869711704, 1304, 0.30903258383948884, 1305, 0.28489731188785483, 1306, 0.3190047816929386, 1307, 0.34151960259143316, 1308, 0.32460949696929176, 1309, 0.4212127590822364, 1310, 0.4818409357868783, 1311, 0.38167566306119344, 1312, 0.2851271114657504, 1313, 0.38033866377672426, 1314, 0.39361430059200175, 1315, 0.35396927941717393, 1316, 0.35619079443529106, 1317, 0.2864991751765455, 1318, 0.315072260944384, 1319, 0.3247014889244933, 1320, 0.29861003601114694, 1321, 0.31558659294403296, 1322, 0.35059172208805905, 1323, 0.41305419897340884, 1324, 0.3097144283267371, 1325, 0.3173090921805266, 1326, 0.3859697818623735, 1327, 0.3795054837529591, 1328, 0.35243097133175944, 1329, 0.349820653793449, 1330, 0.30499041416126177, 1331, 0.3557752940647065, 1332, 0.353386377412676, 1333, 0.35265044057244127, 1334, 0.3431026869020837, 1335, 0.299366019256501, 1336, 0.31151892229781114, 1337, 0.370417839643149, 1338, 0.38505778953025555, 1339, 0.3582470381754857, 1340, 0.347751140179785, 1341, 0.3349230974587823, 1342, 0.3514923090555414, 1343, 0.3196282456750036, 1344, 0.33943778340646247, 1345, 0.3111192820078723, 1346, 0.3295806143664591, 1347, 0.36232387102588953, 1348, 0.28562192414015775, 1349, 0.3091715491703998, 1350, 0.3374561359924831, 1351, 0.281664859387964, 1352, 0.2875494724619266, 1353, 0.29652567497118937, 1354, 0.32306179183880546, 1355, 0.3202257638295948, 1356, 0.38782178692716185, 1357, 0.34636654929303967, 1358, 0.3360212830833902, 1359, 0.2912972075628912, 1360, 0.28080894430176523, 1361, 0.2675747749456064, 1362, 0.3084763802970116, 1363, 0.2921232547361771, 1364, 0.2820151084522172, 1365, 0.2754147737790631, 1366, 0.2910562887650159, 1367, 0.26979721307816174, 1368, 0.3047968413772283, 1369, 0.30369512519938274, 1370, 0.30681817209890133, 1371, 0.36470565622898166, 1372, 0.2981720060474801, 1373, 0.2717229551249913, 1374, 0.2679009825163917, 1375, 0.2745414515615051, 1376, 0.35545540753843485, 1377, 0.30607971770221837, 1378, 0.37432889310668105, 1379, 0.4254165332126545, 1380, 0.3117062921764173, 1381, 0.27337647328774467, 1382, 0.29168945206770214, 1383, 0.29769246792817894, 1384, 0.3207125498271405, 1385, 0.27194190521811173, 1386, 0.36768220048214284, 1387, 0.29739860330248596, 1388, 0.3708228259441795, 1389, 0.3680239529885643, 1390, 0.2744877914333984, 1391, 0.2870536350659563, 1392, 0.2872217065927388, 1393, 0.2925969468690062, 1394, 0.3239752347753179, 1395, 0.28736315402401535, 1396, 0.2550902664403666, 1397, 0.2956567979199845, 1398, 0.29248560691965353, 1399, 0.3127179390782104, 1400, 0.31960041423968594, 1401, 0.29511766404031714, 1402, 0.4057863368313055, 1403, 0.31668182274668755, 1404, 0.28491916158498265, 1405, 0.3204894549352264, 1406, 0.26227193000358406, 1407, 0.2645879310319871, 1408, 0.2820876808643464, 1409, 0.27173429225142626, 1410, 0.2694089134331855, 1411, 0.3157139309864608, 1412, 0.27678620170974827, 1413, 0.3163853152396958, 1414, 0.34408928383797444, 1415, 0.28195737246821734, 1416, 0.25652528735710534, 1417, 0.28959248945958915, 1418, 0.32363319973995475, 1419, 0.2690542036464575, 1420, 0.2821139838933529, 1421, 0.2723224766855239, 1422, 0.28739517084965455, 1423, 0.28728743445537425, 1424, 0.29234618617023417, 1425, 0.27922154593689297, 1426, 0.265741067872855, 1427, 0.2655583102652192, 1428, 0.2710682307239389, 1429, 0.2761369797966364, 1430, 0.2900191965639425, 1431, 0.3129591265218566, 1432, 0.46639908306676037, 1433, 0.44793559081319795, 1434, 0.37624996324401444, 1435, 0.2775818189141655, 1436, 0.3282633176480883, 1437, 0.25685245862021755, 1438, 0.31537052773871743, 1439, 0.297323987138351, 1440, 0.2703146587552233, 1441, 0.271714928314005, 1442, 0.2628677789779974, 1443, 0.28729478549237825, 1444, 0.243001350391528, 1445, 0.2727118234476909, 1446, 0.34703010396247974, 1447, 0.27492415803089343, 1448, 0.27215081180921624, 1449, 0.2899402328197157, 1450, 0.2609961574938389, 1451, 0.28545897553529054, 1452, 0.2982925634493408, 1453, 0.2698833438155165, 1454, 0.26284031918505185, 1455, 0.38449715616063834, 1456, 0.29682785890697505, 1457, 0.3206102212632786, 1458, 0.35854335165570644, 1459, 0.3486768661288788, 1460, 0.27467602271019403, 1461, 0.27679477150972764, 1462, 0.3117934580828313, 1463, 0.27287821923543937, 1464, 0.26924443244432766, 1465, 0.2626437677551137, 1466, 0.3696358708721138, 1467, 0.25278637212244986, 1468, 0.2807439043492002, 1469, 0.2876514712817674, 1470, 0.3957160712998504, 1471, 0.35128538754057004, 1472, 0.37203593425598486, 1473, 0.39574658223302805, 1474, 0.3262589530251803, 1475, 0.36914779997288366, 1476, 0.3316142456311868, 1477, 0.25980938616179194, 1478, 0.2796773440192388, 1479, 0.30215557694350414, 1480, 0.3275851986003126, 1481, 0.26916778686756887, 1482, 0.2829972587951635, 1483, 0.26239334897659117, 1484, 0.301422721121179, 1485, 0.42896974103996227, 1486, 0.3017265031923671, 1487, 0.2955319606452225, 1488, 0.2911924291375889, 1489, 0.3102361922864555, 1490, 0.2645411114741109, 1491, 0.24681373265187642, 1492, 0.2668081924657903, 1493, 0.2599125930543041, 1494, 0.37078680108861095, 1495, 0.26179808514242825, 1496, 0.2724718700054023, 1497, 0.2911430396386064, 1498, 0.28329706769697893, 1499, 0.2899695015832743, 1500, 0.26152704681828964, 1501, 0.2560356519319835, 1502, 0.2643495229665471, 1503, 0.27364327755282747, 1504, 0.27300951487433145, 1505, 0.24160530869786898, 1506, 0.39188491002815024, 1507, 0.39096624606158215, 1508, 0.32548052982227205, 1509, 0.2644882187097018, 1510, 0.261814419162829, 1511, 0.2565076385317432, 1512, 0.32051649082437733, 1513, 0.37538537415742523, 1514, 0.28887169590400563, 1515, 0.26201843516943973, 1516, 0.27329931708059796, 1517, 0.26464877242551127, 1518, 0.2751971996852391, 1519, 0.30331569744426407, 1520, 0.2547254534071849, 1521, 0.26014778937587646, 1522, 0.25774641375910934, 1523, 0.26966367400987307, 1524, 0.2801879948590187, 1525, 0.2658285553326929, 1526, 0.28284638721505106, 1527, 0.26966169494722847, 1528, 0.310715328210137, 1529, 0.40916098658670746, 1530, 0.538453058513623, 1531, 0.47469549110895953, 1532, 0.3813848220601622, 1533, 0.35020904639611805, 1534, 0.2888935487537492, 1535, 0.34952717840205294, 1536, 0.5458020846588505, 1537, 0.4271495375714458, 1538, 0.29133297969983996, 1539, 0.3168974018542778, 1540, 0.41718309263134984, 1541, 0.3761375527561623, 1542, 0.3269772095240746, 1543, 0.2702344918832103, 1544, 0.270614508856599, 1545, 0.2886410310461851, 1546, 0.27108816830247895, 1547, 0.25822192881869815, 1548, 0.27280144412034296, 1549, 0.2676787635086401, 1550, 0.2825343662573067, 1551, 0.2555624069656325, 1552, 0.24615823818008076, 1553, 0.25105594302751605, 1554, 0.24934605878700275, 1555, 0.2595597667411279, 1556, 0.2765175115351532, 1557, 0.38528055399149225, 1558, 0.26853445329498804, 1559, 0.2610076167686271, 1560, 0.3194586616255684, 1561, 0.3042775359645399, 1562, 0.34664240927298273, 1563, 0.3670318103332809, 1564, 0.27624899919304097, 1565, 0.2526288090579262, 1566, 0.2560307678239572, 1567, 0.25631562275956793, 1568, 0.2471319378948016, 1569, 0.32686908261760217, 1570, 0.24674074917279837, 1571, 0.2530310949629772, 1572, 0.2856861653104441, 1573, 0.2699519834357252, 1574, 0.26927613125040667, 1575, 0.3793187445382972, 1576, 0.5141231722837035, 1577, 0.3273753553472469, 1578, 0.2768395650810583, 1579, 0.25776742296132116, 1580, 0.26012513858831576, 1581, 0.25144533830299165, 1582, 0.25807463224170696, 1583, 0.25821969902531505, 1584, 0.25704483771690856, 1585, 0.26479883087175976, 1586, 0.24845820100903368, 1587, 0.27896192155735544, 1588, 0.26778310315839393, 1589, 0.24354665554691537, 1590, 0.2771393337847394, 1591, 0.29149191843366035, 1592, 0.2543379592288659, 1593, 0.2529508076548156, 1594, 0.22930885457642095, 1595, 0.27900451404473203, 1596, 0.3283261883908219, 1597, 0.2973468177574137, 1598, 0.3238730187957265, 1599, 0.26116390070421164, 1600, 0.3096954407078763, 1601, 0.3064671701309648, 1602, 0.26667800551004256, 1603, 0.26551714636488966, 1604, 0.2525625461664903, 1605, 0.252641322454677, 1606, 0.27570780329237743, 1607, 0.27924176182074606, 1608, 0.25784241336859326, 1609, 0.2592601399433714, 1610, 0.29318815253527825, 1611, 0.23033631965628118, 1612, 0.31156187082496833, 1613, 0.3203138589870483, 1614, 0.32273247638981756, 1615, 0.3245014374904397, 1616, 0.28442374056367903, 1617, 0.2857468324455849, 1618, 0.3047283960120521, 1619, 0.2533355355483012, 1620, 0.2851102837167715, 1621, 0.26971404063065124, 1622, 0.26310794526341047, 1623, 0.2558885416683185, 1624, 0.27678426602242634, 1625, 0.24277004359195353, 1626, 0.2675172817856508, 1627, 0.23608813806603712, 1628, 0.2755213098560211, 1629, 0.39185720484589304, 1630, 0.35852808050007595, 1631, 0.3769768998388331, 1632, 0.28980269532172137, 1633, 0.273344121673704, 1634, 0.2328594425840781, 1635, 0.2544293650073519, 1636, 0.22761964646410357, 1637, 0.24474659133211582, 1638, 0.2970591190100641, 1639, 0.25546925719841457, 1640, 0.2604739178725323, 1641, 0.2796098680511711, 1642, 0.26259418518761707, 1643, 0.24746266406202233, 1644, 0.3214632167558107, 1645, 0.3089176334935648, 1646, 0.2659678085077442, 1647, 0.28384532292352055, 1648, 0.26845650591211684, 1649, 0.2609782768435859, 1650, 0.23351787615387856, 1651, 0.23614290469265695, 1652, 0.24467667755722303, 1653, 0.25639601096805126, 1654, 0.2508612171341272, 1655, 0.23223768229200287, 1656, 0.2509035967921204, 1657, 0.27220751108668045, 1658, 0.29887726141836274, 1659, 0.2575392916938456, 1660, 0.2302394869954432, 1661, 0.21255161959788357, 1662, 0.2612265929791764, 1663, 0.24862662220138398, 1664, 0.2769834877998131, 1665, 0.2648775311691901, 1666, 0.2796649554325664, 1667, 0.24073628740291633, 1668, 0.26905170230337916, 1669, 0.24718026613142116, 1670, 0.2573757032748925, 1671, 0.2763144292836013, 1672, 0.4364794145803751, 1673, 0.4167948709528757, 1674, 0.333716574978196, 1675, 0.32120070305285325, 1676, 0.3471666842412877, 1677, 0.2519683320156059, 1678, 0.28033684202882997, 1679, 0.3677656733139874, 1680, 0.4301993628429206, 1681, 0.4673684074822832, 1682, 0.35104039563201617, 1683, 0.27844395543662415, 1684, 0.2414570739098088, 1685, 0.2607333499181365, 1686, 0.2610420277719249, 1687, 0.5288734204068134, 1688, 0.38151275753498254, 1689, 0.43310481799781414, 1690, 0.39138034611811345, 1691, 0.31070194688879166, 1692, 0.2813737571059824, 1693, 0.25964055468293396, 1694, 0.2540534869891816, 1695, 0.2760933426038478, 1696, 0.25952829800522514, 1697, 0.21541189603462235, 1698, 0.25930136723434416, 1699, 0.2592144892477847, 1700, 0.3027919548295537, 1701, 0.26715030245947985, 1702, 0.25419163135860645, 1703, 0.2788247357468392, 1704, 0.2300445729882205, 1705, 0.2491478587728102, 1706, 0.24073170845308525, 1707, 0.3369781881258889, 1708, 0.2674580631780534, 1709, 0.231868425969462, 1710, 0.26081032204071164, 1711, 0.2684980176626796, 1712, 0.390823386270066, 1713, 0.50284887151247, 1714, 0.471204905515358, 1715, 0.29714874714449674, 1716, 0.2806160870199115, 1717, 0.30007766532695906, 1718, 0.4364438755133202, 1719, 0.37850515679662017, 1720, 0.5301624525459997, 1721, 0.39931063634132585, 1722, 0.3052825134327675, 1723, 0.2611374042504425, 1724, 0.2533142359294681, 1725, 0.2732041008767904, 1726, 0.25264217466308764, 1727, 0.2762921306724462, 1728, 0.27218245120076195, 1729, 0.23633165771476541, 1730, 0.24939471470293684, 1731, 0.23592569177760936, 1732, 0.28833010684603366, 1733, 0.26538896030606884, 1734, 0.24423907316742616, 1735, 0.23953844212705902, 1736, 0.23340395847488465, 1737, 0.3362827116517555, 1738, 0.30041065464979677, 1739, 0.24772056886991647, 1740, 0.2546853805542397, 1741, 0.2654163296372947, 1742, 0.26442549819634553, 1743, 0.2507862617502974, 1744, 0.2314418060832015, 1745, 0.2216775506486814, 1746, 0.251139965695941, 1747, 0.21907083364460242, 1748, 0.2216506300108417, 1749, 0.3957661893852239, 1750, 0.3429535066060279, 1751, 0.27716946723291286, 1752, 0.2823729527011263, 1753, 0.2526806563297075, 1754, 0.29246740915435715, 1755, 0.4306377812242302, 1756, 0.3959262207884486, 1757, 0.35245093550038603, 1758, 0.2954630194236645, 1759, 0.2598338265719242, 1760, 0.2916498996465536, 1761, 0.3482797490285675, 1762, 0.3102651776974286, 1763, 0.3045435764691375, 1764, 0.28812655336033494, 1765, 0.28402946563727693, 1766, 0.26465955750287207, 1767, 0.2734026679202261, 1768, 0.24792207876194616, 1769, 0.248712804493491, 1770, 0.2663561647339961, 1771, 0.23346542508080423, 1772, 0.25461975253930186, 1773, 0.25264352643232985, 1774, 0.24017484939080114, 1775, 0.24880318616779673, 1776, 0.2635273590066601, 1777, 0.24934267445163932, 1778, 0.22115018642057332, 1779, 0.23997087181897578, 1780, 0.2739131907185557, 1781, 0.3012819135705498, 1782, 0.29371509751458585, 1783, 0.26871003737668075, 1784, 0.24072390266104762, 1785, 0.24701114360566637, 1786, 0.24767554721568397, 1787, 0.23147176704778932, 1788, 0.2492095789816086, 1789, 0.2577386643266357, 1790, 0.2537484357945454, 1791, 0.25309654857647834, 1792, 0.2704533797901777, 1793, 0.26694410740992874, 1794, 0.23105542793062894, 1795, 0.2421353195201747, 1796, 0.2794175731039304, 1797, 0.23872885493308013, 1798, 0.26549272541921126, 1799, 0.27688138811339214, 1800, 0.2883248520842445, 1801, 0.2547871632288737, 1802, 0.23929324505150093, 1803, 0.22374009297995087, 1804, 0.23700426618676396, 1805, 0.2489159492464122, 1806, 0.25360748077535866, 1807, 0.2845618370812101, 1808, 0.28101678975217326, 1809, 0.24144613072277687, 1810, 0.23005845076892484, 1811, 0.27641344584185057, 1812, 0.2608234037643326, 1813, 0.22152549206995426, 1814, 0.3476008252528356, 1815, 0.4005785375894819, 1816, 0.38149296817804923, 1817, 0.24609453825174185, 1818, 0.2543915811713652, 1819, 0.4795596498790674, 1820, 0.42662250738498925, 1821, 0.3211034869513828, 1822, 0.24052299940437238, 1823, 0.5160750799152072, 1824, 0.7758759924699393, 1825, 0.528728298376313, 1826, 0.27453009127547584, 1827, 0.26829397089253665, 1828, 0.33675751866819703, 1829, 0.36173557284554875, 1830, 0.4433094287378411, 1831, 0.2943109764305434, 1832, 0.24395818641161765, 1833, 0.29681534953177635, 1834, 0.2455007108610099, 1835, 0.2928802581889835, 1836, 0.2694486737151619, 1837, 0.23243044098747614, 1838, 0.22748166669291528, 1839, 0.2588799435352758, 1840, 0.2697906102545016, 1841, 0.2393436525323863, 1842, 0.23974446914041944, 1843, 0.2829305423115415, 1844, 0.43964095763433264, 1845, 0.3894462565156418, 1846, 0.3416482213408243, 1847, 0.2411782310853506, 1848, 0.26660322414571774, 1849, 0.2799984501630511, 1850, 0.37717720552248596, 1851, 0.2847652302005475, 1852, 0.2543468411303771, 1853, 0.264381525267043, 1854, 0.27297183089776655, 1855, 0.24181341202068588, 1856, 0.22970462460994776, 1857, 0.2353104655636165, 1858, 0.2291538344442818, 1859, 0.30983032990923415, 1860, 0.38306296016252134, 1861, 0.27047458267161584, 1862, 0.3047527364419597, 1863, 0.31612915829094596, 1864, 0.26656844778636024, 1865, 0.2332825270402883, 1866, 0.3078062268020836, 1867, 0.31708118850271766, 1868, 0.2766011516734275, 1869, 0.25453832910781016, 1870, 0.2987484019272425, 1871, 0.38810144319199535, 1872, 0.36587605763430203, 1873, 0.3120761868978222, 1874, 0.27944319394511113, 1875, 0.24281096258654708, 1876, 0.3472682787054198, 1877, 0.29102587648446504, 1878, 0.25921483459373834, 1879, 0.25617587785993, 1880, 0.27535810058067983, 1881, 0.21994680075048684, 1882, 0.21161683690358232, 1883, 0.2532455460303178, 1884, 0.22016861861208376, 1885, 0.2240402424720357, 1886, 0.2243484644041722, 1887, 0.25603517674857723, 1888, 0.20680814261857675, 1889, 0.29225735772551076, 1890, 0.23113968031753396, 1891, 0.2872440887635847, 1892, 0.24918508663818217, 1893, 0.3064540595949344, 1894, 0.32764252848054365, 1895, 0.35697029383246487, 1896, 0.36418926937719215, 1897, 0.3324811922830334, 1898, 0.2549396139590324, 1899, 0.25319248811553585, 1900, 0.2383063042243894, 1901, 0.30105887923874514, 1902, 0.2459872968559334, 1903, 0.27803739371671976, 1904, 0.22032091755446082, 1905, 0.2858353954094715, 1906, 0.23489466107637527, 1907, 0.23055340160434726, 1908, 0.2261207248093826, 1909, 0.2376653789832168, 1910, 0.22577679219651006, 1911, 0.25446318561608955, 1912, 0.2371193260554712, 1913, 0.23299951405115912, 1914, 0.26261707249560723, 1915, 0.3957461694539115, 1916, 0.5097786959484287, 1917, 0.48262407948716474, 1918, 0.39431347546457124, 1919, 0.35188003101639764, 1920, 0.5060567621275958, 1921, 0.3846927959990722, 1922, 0.352267574234964, 1923, 0.31703223568880007, 1924, 0.2772836112904203, 1925, 0.294641457401865, 1926, 0.28111945203762995, 1927, 0.26586681089664965, 1928, 0.2682922497096751, 1929, 0.228438745994485, 1930, 0.25010427511073763, 1931, 0.2399505814752481, 1932, 0.23115181665676127, 1933, 0.261256738588837, 1934, 0.19126943160797844, 1935, 0.22953945233364287, 1936, 0.2677191054824722, 1937, 0.2566835347363528, 1938, 0.21934903576963533, 1939, 0.2411795275775323, 1940, 0.268349110360875, 1941, 0.4162543772456462, 1942, 0.3340286745118435, 1943, 0.31825982638704803, 1944, 0.26901433132217784, 1945, 0.23705044669802353, 1946, 0.24518608324031527, 1947, 0.28751518094319517, 1948, 0.25733868299537527, 1949, 0.24904244545936102, 1950, 0.22510732926405597, 1951, 0.19761850444786533, 1952, 0.22585818432096702, 1953, 0.2246394501770177, 1954, 0.23778033969692267, 1955, 0.23868134845214706, 1956, 0.22276346390643553, 1957, 0.2276625259841027, 1958, 0.24640302885779275, 1959, 0.22727306649157222, 1960, 0.26296664773231565, 1961, 0.22094142977432643, 1962, 0.23512095310830447, 1963, 0.24465122421433821, 1964, 0.3186140783016256, 1965, 0.45837723581436857, 1966, 0.3225042766966405, 1967, 0.23520807549615305, 1968, 0.2828646761764063, 1969, 0.2947443801958539, 1970, 0.33544273067597347, 1971, 0.26266193008121375, 1972, 0.24292930023434708, 1973, 0.2634682711155628, 1974, 0.3353176291179699, 1975, 0.397519296582681, 1976, 0.31397026346717566, 1977, 0.24449212267313222, 1978, 0.2893210019269912, 1979, 0.258524514391796, 1980, 0.27755214674521506, 1981, 0.24219015518222528, 1982, 0.24239131064977834, 1983, 0.2500078728147054, 1984, 0.2439202397334136, 1985, 0.2493745058977655, 1986, 0.22815483495161615, 1987, 0.22082015655801662, 1988, 0.23304747057388944, 1989, 0.2449427488450357, 1990, 0.23428078997230636, 1991, 0.21833436198969822, 1992, 0.2835177625288824, 1993, 0.33196323245494325, 1994, 0.27939683132965387, 1995, 0.22373767123394664, 1996, 0.23881020892375604, 1997, 0.30252216396047243, 1998, 0.22722096557100518, 1999, 0.22802764495718197, 2000, 0.22911590565796391, 2001, 0.22539669318392017, 2002, 0.26358397769590053, 2003, 0.25531444924502983, 2004, 0.2616527049506966, 2005, 0.3043941414018407, 2006, 0.22727919045683123, 2007, 0.21156445774850216, 2008, 0.2459294782172356, 2009, 0.2741958297450092, 2010, 0.2725337112985532, 2011, 0.36285021278688206, 2012, 0.270402879131669, 2013, 0.22288618243420671, 2014, 0.2181167282460289, 2015, 0.2347787067044388, 2016, 0.21710423973629053, 2017, 0.23059806018396325, 2018, 0.25284185144153204, 2019, 0.21799536876900646, 2020, 0.24100874264769828, 2021, 0.2634888717164966, 2022, 0.2538672019324106, 2023, 0.24663327642686653, 2024, 0.2036122854884033, 2025, 0.24447642498793257, 2026, 0.2761993549948402, 2027, 0.31512980512623245, 2028, 0.37148087115562595, 2029, 0.32884863193764274, 2030, 0.23773703121583192, 2031, 0.2147737066550991, 2032, 0.36086374815093036, 2033, 0.3872295919739665, 2034, 0.26735710212111147, 2035, 0.23404167906918566, 2036, 0.2632817118415668, 2037, 0.27863324047634275, 2038, 0.35324103182353256, 2039, 0.38493463386947974, 2040, 0.2766626771571419, 2041, 0.28506607643012044, 2042, 0.4072783203855174, 2043, 0.3098118179254698, 2044, 0.19870464841040758, 2045, 0.27108418299187675, 2046, 0.35617298178069207, 2047, 0.39202959099585555, 2048, 0.28302926099709574, 2049, 0.2359387548724202, 2050, 0.2625697019864422, 2051, 0.31286967387103704, 2052, 0.28367039306848213, 2053, 0.25013906323367296, 2054, 0.3006896695922084, 2055, 0.28697473276098573, 2056, 0.3158549981119723, 2057, 0.26300879612062744, 2058, 0.3208697212580631, 2059, 0.5670164146574878, 2060, 0.47592464357155495, 2061, 0.26322829006397946, 2062, 0.4933191439831754, 2063, 0.6999964448184183, 2064, 0.3632684428445926, 2065, 0.2630807736228649, 2066, 0.402252953014538, 2067, 0.35756204190298435, 2068, 0.2509057336644877, 2069, 0.2879399550709189, 2070, 0.391229318860495, 2071, 0.33337544997549584, 2072, 0.23619389832530843, 2073, 0.36964528117670964, 2074, 0.3296876016072757, 2075, 0.28644874956066924, 2076, 0.21133942154606822, 2077, 0.3224028280896236, 2078, 0.3088299158913554, 2079, 0.20640927353625274, 2080, 0.26012413696486475, 2081, 0.36245738180559467, 2082, 0.30526670749904583, 2083, 0.2413296780408107, 2084, 0.31512376687178334, 2085, 0.2922452630374796, 2086, 0.23447623973358464, 2087, 0.24401023531064345, 2088, 0.32976527957096374, 2089, 0.3534096678061245, 2090, 0.2178001887850406, 2091, 0.2556379770762556, 2092, 0.2358748502658751, 2093, 0.2233703120519268, 2094, 0.247996376841458, 2095, 0.22370317982296314, 2096, 0.22914472747649664, 2097, 0.2641752067476728, 2098, 0.2349364903869658, 2099, 0.23647769512485992, 2100, 0.2540118479417756, 2101, 0.28711205236054865, 2102, 0.22637621503278024, 2103, 0.2565548292410352, 2104, 0.23487621722043034, 2105, 0.23143527312859807, 2106, 0.21675822050938365, 2107, 0.22833451033283567, 2108, 0.24339336411441942, 2109, 0.1978785491693359, 2110, 0.20915389263673972, 2111, 0.20890830712337827, 2112, 0.21808784574078957, 2113, 0.2096006868259709, 2114, 0.19745411653027703, 2115, 0.23034655002413545, 2116, 0.20969046626453353, 2117, 0.21650221964550484, 2118, 0.2214379080316359, 2119, 0.189847469378775, 2120, 0.2203336800022498, 2121, 0.21046696842919435, 2122, 0.23815555293346127, 2123, 0.21157327501841505, 2124, 0.2210980968150363, 2125, 0.22759819215476854, 2126, 0.247602762063201, 2127, 0.2168453761218607, 2128, 0.23262553689081775, 2129, 0.24806456865213747, 2130, 0.26828886143750874, 2131, 0.2616778703394808, 2132, 0.19701973100952777, 2133, 0.2290337199310303, 2134, 0.22772139793427976, 2135, 0.21614310276182985, 2136, 0.2161290639814419, 2137, 0.21893265766632425, 2138, 0.1950423950801816, 2139, 0.21210698280090376, 2140, 0.30200977723192035, 2141, 0.2789629948324209, 2142, 0.21660966230757922, 2143, 0.2142357669919008, 2144, 0.23638225187275705, 2145, 0.22330090141600928, 2146, 0.24625300642631495, 2147, 0.22575637883410912, 2148, 0.23837902590141505, 2149, 0.27876675767224796, 2150, 0.2756657921553996, 2151, 0.34793230211573123, 2152, 0.39830308930997144, 2153, 0.35172702189894006, 2154, 0.24311758394330818, 2155, 0.2223408522874145, 2156, 0.23709962567282689, 2157, 0.39895417922773535, 2158, 0.36352918012523516, 2159, 0.3307073189806895, 2160, 0.2004116072334368, 2161, 0.23351353698007477, 2162, 0.23014767376449427, 2163, 0.2272610417175111, 2164, 0.20806930438102378, 2165, 0.21087974951961325, 2166, 0.21124489524694778, 2167, 0.2321687664261531, 2168, 0.23884508410280994, 2169, 0.21965278410835423, 2170, 0.25142056096402676, 2171, 0.26748710734511016, 2172, 0.22808791137070508, 2173, 0.2580435904551498, 2174, 0.3432727171024972, 2175, 0.25181617519752775, 2176, 0.2520293542649785, 2177, 0.23199098709513352, 2178, 0.22975338817939417, 2179, 0.22390617156799722, 2180, 0.21817696265087613, 2181, 0.24383723867814808, 2182, 0.24010289549082012, 2183, 0.22583900057624376, 2184, 0.2431633202498951, 2185, 0.2519645272479502, 2186, 0.2876538414432848, 2187, 0.23476820557448988, 2188, 0.2676245646153817, 2189, 0.24654968244654826, 2190, 0.29278532749400205, 2191, 0.26420840886555236, 2192, 0.3045899275165668, 2193, 0.22668648927044147, 2194, 0.2629840671371681, 2195, 0.28191954891993454, 2196, 0.3105297228576725, 2197, 0.2665091634820569, 2198, 0.22095626848871056, 2199, 0.21249153055861583, 2200, 0.230260572120811, 2201, 0.22035205702710373, 2202, 0.317405673190208, 2203, 0.2061029909528024, 2204, 0.2925831666224029, 2205, 0.1648945767767001, 2206, 0.20348146727342215, 2207, 0.2136880053275597, 2208, 0.20741152719957393, 2209, 0.2016070612915327, 2210, 0.20910429606370304, 2211, 0.21448830320438575, 2212, 0.278447627317266, 2213, 0.19228286500472522, 2214, 0.2654516758564793, 2215, 0.21820939730557767, 2216, 0.2351078165441419, 2217, 0.19902145094963694, 2218, 0.2846228581332558, 2219, 0.29240082828570046, 2220, 0.22807930162033865, 2221, 0.22567903809355228, 2222, 0.2797492581889056, 2223, 0.24194651723967814, 2224, 0.31428104755472347, 2225, 0.24965547384834424, 2226, 0.2410128905334767, 2227, 0.23668714274392916, 2228, 0.2851966959665955, 2229, 0.2634564288609736, 2230, 0.21500382789348024, 2231, 0.21278412954578385, 2232, 0.19677005310472692, 2233, 0.19649036630690475, 2234, 0.2338330948558014, 2235, 0.227811311203119, 2236, 0.2125170183455041, 2237, 0.2822983257733444, 2238, 0.23739792337719817, 2239, 0.21888997504047944, 2240, 0.19328834652438784, 2241, 0.22065453416429548, 2242, 0.2796781826708676, 2243, 0.34052542037673705, 2244, 0.3369697303247351, 2245, 0.3217057091073187, 2246, 0.2890459366801194, 2247, 0.24456804950331618, 2248, 0.2575708764742829, 2249, 0.18577542705714645, 2250, 0.21834439928454147, 2251, 0.2394702327252373, 2252, 0.20331507580466357, 2253, 0.21227158479318853, 2254, 0.19919200004704096, 2255, 0.28582579279097486, 2256, 0.22016471258570433, 2257, 0.23999112621528754, 2258, 0.21523672961047935, 2259, 0.21567561437885413, 2260, 0.1981963511782066, 2261, 0.20665737035893916, 2262, 0.22269930837698584, 2263, 0.24285383095276084, 2264, 0.18622616671349682, 2265, 0.20620526794619437, 2266, 0.29274229871938373, 2267, 0.2549420243398522, 2268, 0.2996069223431411, 2269, 0.32323803994253586, 2270, 0.41451943459107443, 2271, 0.316013075657339, 2272, 0.22282750465241546, 2273, 0.28471072648219403, 2274, 0.37825317718692064, 2275, 0.3859687601068045, 2276, 0.34023360833011185, 2277, 0.2254849800020029, 2278, 0.29987304870431464, 2279, 0.45643383570556484, 2280, 0.41884063576847347, 2281, 0.43690817120440784, 2282, 0.2435972956925138, 2283, 0.23618206694293156, 2284, 0.31440103674505765, 2285, 0.2450900243727812, 2286, 0.25658402375016315, 2287, 0.23955821607380565, 2288, 0.2460483081173456, 2289, 0.26495642086558335, 2290, 0.2230147526182287, 2291, 0.20933722742967828, 2292, 0.23377093909172236, 2293, 0.19841331506450438, 2294, 0.17811411533160315, 2295, 0.24244806439207076, 2296, 0.2215488409898557, 2297, 0.32875111765294535, 2298, 0.3675369999955605, 2299, 0.28366121806474254, 2300, 0.29689860543648255, 2301, 0.30425935572117097, 2302, 0.41030515994171596, 2303, 0.4602753033897342, 2304, 0.29729565376508665, 2305, 0.2100103343440835, 2306, 0.22065401220996492, 2307, 0.21226885168530438, 2308, 0.22154950918195654, 2309, 0.22619163748239665, 2310, 0.19738441861292744, 2311, 0.23478371131718895, 2312, 0.21760027580409502, 2313, 0.256045713875558, 2314, 0.21945202005534387, 2315, 0.21623825746020417, 2316, 0.2209424527941738, 2317, 0.2718395601086298, 2318, 0.2867534123229445, 2319, 0.2788363054041912, 2320, 0.19574310064891684, 2321, 0.20258426151373235, 2322, 0.22601708971708845, 2323, 0.3128646878228205, 2324, 0.31740351063120176, 2325, 0.39327679514339486, 2326, 0.38405217762995364, 2327, 0.3299994093140083, 2328, 0.2058554487788178, 2329, 0.2212356903167254, 2330, 0.25072190307202585, 2331, 0.25849908064286803, 2332, 0.1926104492976644, 2333, 0.21622132638728325, 2334, 0.2289235120537761, 2335, 0.3579687218398781, 2336, 0.32742478980482803, 2337, 0.41272989450296677, 2338, 0.3393361329797007, 2339, 0.2213295502786114, 2340, 0.23642447382310677, 2341, 0.2473264216955889, 2342, 0.33532699529759563, 2343, 0.3450295209667026, 2344, 0.22143851946338555, 2345, 0.20089194591908613, 2346, 0.2192731067558008, 2347, 0.21742879941637544, 2348, 0.2123035019046906, 2349, 0.33545854880663506, 2350, 0.3380794403770672, 2351, 0.3618404379886265, 2352, 0.24266506208721658, 2353, 0.22326998790530306, 2354, 0.3318985878465699, 2355, 0.23080221372889118, 2356, 0.24810386626436848, 2357, 0.22750317874122217, 2358, 0.2195253057732143, 2359, 0.20637073804368386, 2360, 0.1980310499431394, 2361, 0.2260380450191173, 2362, 0.223457257503975, 2363, 0.17043532929897293, 2364, 0.2553947734976208, 2365, 0.2730628173256073, 2366, 0.24049370518189725, 2367, 0.26220558044714215, 2368, 0.24899289518274742, 2369, 0.22409209317259618, 2370, 0.2638257252357306, 2371, 0.23147634177323612, 2372, 0.2542365702176739, 2373, 0.2784667614006056, 2374, 0.25810863667334166, 2375, 0.20172333195859765, 2376, 0.2118604503308154, 2377, 0.20884863062954082, 2378, 0.1823286309206222, 2379, 0.21294380696557125, 2380, 0.20798578569402323, 2381, 0.2160740295162532, 2382, 0.20431595844750397, 2383, 0.21012480089393376, 2384, 0.289101266322729, 2385, 0.2115216110779125, 2386, 0.22411136815004257, 2387, 0.2188544553613162, 2388, 0.2094438657155579, 2389, 0.18981439503233613, 2390, 0.21105822577815056, 2391, 0.224290574311194, 2392, 0.24868559640008714, 2393, 0.2334045209393506, 2394, 0.2061198537607679, 2395, 0.3004542230473039, 2396, 0.3789828577149463, 2397, 0.47952214775278057, 2398, 0.36468003271976906, 2399, 0.23561954962602624, 2400, 0.21385320531624152, 2401, 0.20348959568922736, 2402, 0.265613577757433, 2403, 0.3980964333052046, 2404, 0.3270773898250127, 2405, 0.25570019940573796, 2406, 0.246242873122224, 2407, 0.2246772234239331, 2408, 0.17898961577726055, 2409, 0.2674074228092095, 2410, 0.3541438270003161, 2411, 0.22272889746818478, 2412, 0.23205701713582222, 2413, 0.40620840700723904, 2414, 0.35586478457230103, 2415, 0.24508960793522902, 2416, 0.23523445414244215, 2417, 0.2889406209295652, 2418, 0.23824836731527163, 2419, 0.24387698010730002, 2420, 0.24155095647605962, 2421, 0.23298278096866973, 2422, 0.2264149515519745, 2423, 0.23871326449722344, 2424, 0.2354031402174833, 2425, 0.25016053878358635, 2426, 0.2649076526593226, 2427, 0.2837725789097994, 2428, 0.21343256615426234, 2429, 0.22456178443274255, 2430, 0.23516019184043138, 2431, 0.19988715548788846, 2432, 0.23505781799173542, 2433, 0.25283183552254346, 2434, 0.2665745928082409, 2435, 0.21438194453865828, 2436, 0.22189737869739046, 2437, 0.22965885773747421, 2438, 0.21905928091319218, 2439, 0.27374931924757145, 2440, 0.2135928387455074, 2441, 0.25180276057509554, 2442, 0.3012398064742806, 2443, 0.3095203473623021, 2444, 0.28853758886812453, 2445, 0.2004607613973694, 2446, 0.275744400867553, 2447, 0.4747698285747935, 2448, 0.4872724559692309, 2449, 0.4326331116155905, 2450, 0.24845812687650057, 2451, 0.284258219101963, 2452, 0.4782259355513797, 2453, 0.5585024298713583, 2454, 0.5103084722117542, 2455, 0.2583165698606337, 2456, 0.269127525092954, 2457, 0.5820664888004804, 2458, 0.36449337275887983, 2459, 0.24363014616869272, 2460, 0.29349464251325297, 2461, 0.3568407199834833, 2462, 0.3572794232839367, 2463, 0.3069284027049938, 2464, 0.2329672574512015, 2465, 0.1979270880725236, 2466, 0.2768623300940956, 2467, 0.2145701326174902, 2468, 0.1692674095523565, 2469, 0.3261575936216742, 2470, 0.2978938120486281, 2471, 0.3158344980081589, 2472, 0.22198585729542417, 2473, 0.2735325020091311, 2474, 0.2291294508246354, 2475, 0.22018414308120587, 2476, 0.18481147932571135, 2477, 0.25170745899258473, 2478, 0.2817324649024876, 2479, 0.24384641736232318, 2480, 0.21903444250973103, 2481, 0.22819479172098903, 2482, 0.25432394812632564, 2483, 0.20962592622800758, 2484, 0.19422675684313773, 2485, 0.19207182156117888, 2486, 0.17621557770095003, 2487, 0.23855021931173642, 2488, 0.2644919981990249, 2489, 0.23982069960589555, 2490, 0.20449050511942507, 2491, 0.20467795790236373, 2492, 0.18370872032816934, 2493, 0.19845944275382607, 2494, 0.18016699582389506, 2495, 0.19358013981047414, 2496, 0.23223737141451664, 2497, 0.19968020735840722, 2498, 0.20515199433262654, 2499, 0.18148501063238914, 2500, 0.18809697727649216, 2501, 0.18627655789905256, 2502, 0.20039353304519827, 2503, 0.1895343014239175, 2504, 0.2078339751822952, 2505, 0.24640869287842215, 2506, 0.24047932055424615, 2507, 0.2497590233572367, 2508, 0.20951183783823887, 2509, 0.22112686435151363, 2510, 0.22594306796184932, 2511, 0.2899108788469488, 2512, 0.21888254070656538, 2513, 0.20440005499480982, 2514, 0.2048273119335358, 2515, 0.20817482688654074, 2516, 0.2197124949986251, 2517, 0.23865835786050593, 2518, 0.23449348095808448, 2519, 0.2636358683855579, 2520, 0.25278607912516815, 2521, 0.2613402189437869, 2522, 0.2296817428311813, 2523, 0.18440633869771844, 2524, 0.25568360764233944, 2525, 0.36006523319314915, 2526, 0.435511924232283, 2527, 0.3039516741089332, 2528, 0.20160734036129987, 2529, 0.23862847717195335, 2530, 0.19940963764780734, 2531, 0.20613281683166776, 2532, 0.18761850134739833, 2533, 0.21461638822733645, 2534, 0.20203313661583672, 2535, 0.19195821069299737, 2536, 0.19956349943751694, 2537, 0.19751169024102566, 2538, 0.16673497830429282, 2539, 0.19971879850400498, 2540, 0.20352265914189546, 2541, 0.18766837449733614, 2542, 0.1697575456973013, 2543, 0.21060787787159282, 2544, 0.20746344595172442, 2545, 0.21974618152726194, 2546, 0.2087081082724208, 2547, 0.21481545706600125, 2548, 0.271431905562003, 2549, 0.1850503932523329, 2550, 0.19284019027483326, 2551, 0.23558014702599814, 2552, 0.2910180588766463, 2553, 0.4274403693144467, 2554, 0.3711067575288145, 2555, 0.25684572930787203, 2556, 0.2582629710063983, 2557, 0.3022661652889335, 2558, 0.3256039860373047, 2559, 0.23742790242544265, 2560, 0.22534039015467555, 2561, 0.24080034534329084, 2562, 0.2501813154697724, 2563, 0.17414858912925596, 2564, 0.2041588553773532, 2565, 0.22899426707209727, 2566, 0.2484498533689409, 2567, 0.22277991955971, 2568, 0.1925983099558334, 2569, 0.1898391240243273, 2570, 0.20039009877565406, 2571, 0.1931459448653799, 2572, 0.22577461183311046, 2573, 0.30791916778880135, 2574, 0.1851613235408388, 2575, 0.19564701061883302, 2576, 0.17523184006855694, 2577, 0.24834986923059224, 2578, 0.3050484201246193, 2579, 0.26248563677570985, 2580, 0.22071482293252126, 2581, 0.20642653324881685, 2582, 0.19673787692241743, 2583, 0.23123834731259738, 2584, 0.20284045273240853, 2585, 0.2000801046803537, 2586, 0.19268369187376305, 2587, 0.18069397211881136, 2588, 0.19402357248874494, 2589, 0.17491085790510308, 2590, 0.19133097614512268, 2591, 0.1861299791071307, 2592, 0.22378716449104147, 2593, 0.17474397402784747, 2594, 0.20872647229942246, 2595, 0.17180222751599508, 2596, 0.1667448376945462, 2597, 0.24931430718962158, 2598, 0.18924491650751754, 2599, 0.20859941005792848, 2600, 0.22632425113857668, 2601, 0.17290632050498628, 2602, 0.18413972709183377, 2603, 0.22607232879735492, 2604, 0.18346135624060758, 2605, 0.2093088111619803, 2606, 0.19245006137009668, 2607, 0.17737477182276892, 2608, 0.19929529200521995, 2609, 0.23211997877211893, 2610, 0.20746758536150295, 2611, 0.20394763329404406, 2612, 0.1661686716759059, 2613, 0.19847187729664825, 2614, 0.1859944207912746, 2615, 0.20639661024891232, 2616, 0.17712186784855802, 2617, 0.29353294030114035, 2618, 0.21858695568027217, 2619, 0.2997511143159825, 2620, 0.3191390456792351, 2621, 0.27085367216336137, 2622, 0.2126154439866238, 2623, 0.18565154810890722, 2624, 0.205729884643173, 2625, 0.2349166771716273, 2626, 0.22731993923048932, 2627, 0.3336344577054474, 2628, 0.3122999690132639, 2629, 0.2452870240477654, 2630, 0.22190927976190822, 2631, 0.26802396163966735, 2632, 0.31397935736413857, 2633, 0.20659115221668345, 2634, 0.22086707797485552, 2635, 0.20177168684200464, 2636, 0.20433649396621348, 2637, 0.20825907959864892, 2638, 0.19691397649062967, 2639, 0.2442788843400374, 2640, 0.339514239701097, 2641, 0.3750195499476488, 2642, 0.32706881782691427, 2643, 0.21461109552550078, 2644, 0.20192543538610533, 2645, 0.18659583105421404, 2646, 0.19512466317588342, 2647, 0.21520915159927037, 2648, 0.24348957054742024, 2649, 0.2614232438014617, 2650, 0.29804164028045615, 2651, 0.295053163698401, 2652, 0.2493499185574983, 2653, 0.2983945483325222, 2654, 0.2025882179535166, 2655, 0.21146780588600664, 2656, 0.19272499414915692, 2657, 0.21678558461092443, 2658, 0.18722912335972186, 2659, 0.19165376279011603, 2660, 0.26255580188190947, 2661, 0.22132013782876642, 2662, 0.3816290070587599, 2663, 0.4359858420927988, 2664, 0.30902195939611055, 2665, 0.3587112760346254, 2666, 0.2208684577891334, 2667, 0.22734554923118963, 2668, 0.19464766605924738, 2669, 0.1970637880450448, 2670, 0.22698272124425406, 2671, 0.21654710581696665, 2672, 0.2219834759192172, 2673, 0.20367754750264838, 2674, 0.2784487109315764, 2675, 0.48573245604712073, 2676, 0.983070027128124, 2677, 1.070053747180214, 2678, 0.6733590190662548, 2679, 0.617787883816265, 2680, 1.5052957950876762, 2681, 1.1271270257332895, 2682, 0.3411504563200327, 2683, 0.5268625301274099, 2684, 0.5746214327190873, 2685, 0.4822730232184884, 2686, 0.3512682001554272, 2687, 0.3906074276758136, 2688, 0.3766316886541172, 2689, 0.35666004351583735, 2690, 0.3586744955717593, 2691, 0.3283850516860125, 2692, 0.29822199468879207, 2693, 0.3086421010525414, 2694, 0.296713069262376, 2695, 0.32398296967125695, 2696, 0.2918346876663595, 2697, 0.29124701690175897, 2698, 0.3092472866810116, 2699, 0.2674457855617274, 2700, 0.2953075366025138, 2701, 0.27908085680776146, 2702, 0.2851198485640029, 2703, 0.28142195790882524, 2704, 0.2664961077201905, 2705, 0.2941630188342567, 2706, 0.29836349516804456, 2707, 0.3390491257775784, 2708, 0.27439157919817986, 2709, 0.30009763324520555, 2710, 0.2850583107460018, 2711, 0.2800249365287257, 2712, 0.266992186401233, 2713, 0.25923852425822425, 2714, 0.26826314432474596, 2715, 0.2718844835470808, 2716, 0.2626884165770795, 2717, 0.24027877345431733, 2718, 0.2935947979136228, 2719, 0.23508344323442562, 2720, 0.2525264861089237, 2721, 0.28664203292541685, 2722, 0.28666888995638884, 2723, 0.2500550185540591, 2724, 0.23883945162161596, 2725, 0.22967807813222924, 2726, 0.23276932486091506, 2727, 0.22586566222926152, 2728, 0.26480168742749705, 2729, 0.3276946456769357, 2730, 0.2561479313591663, 2731, 0.2554262759673366, 2732, 0.22870379721419384, 2733, 0.28430274788479537, 2734, 0.2713123067917979, 2735, 0.2312937992808104, 2736, 0.22128467272147337, 2737, 0.25421622429067453, 2738, 0.24313090289273814, 2739, 0.23825254208565333, 2740, 0.35839552587527607, 2741, 0.24205575800837564, 2742, 0.26784276377373273, 2743, 0.23837728955149304, 2744, 0.3142137556034978, 2745, 0.3204113641463365, 2746, 0.31657391753832836, 2747, 0.2594156997316177, 2748, 0.23219239953290424, 2749, 0.25989712782182256, 2750, 0.32744206075109505, 2751, 0.44204319879922727, 2752, 0.2787305109964071, 2753, 0.2766200995986932, 2754, 0.4638826650328069, 2755, 0.337613051578357, 2756, 0.21837234813708584, 2757, 0.22552711868695605, 2758, 0.23193713030202084, 2759, 0.2204301089226876, 2760, 0.23202429562905494, 2761, 0.24446387214521756, 2762, 0.23691702904499792, 2763, 0.22695722199328297, 2764, 0.23371427914539802, 2765, 0.21268741079227207, 2766, 0.2337979244485878, 2767, 0.22152698679391883, 2768, 0.20418701788866464, 2769, 0.28423069897430614, 2770, 0.3587391346956463, 2771, 0.3137801100970675, 2772, 0.24096179567775824, 2773, 0.24688375444462893, 2774, 0.2991074480818242, 2775, 0.24660924647848576, 2776, 0.2039901049699324, 2777, 0.24399559393611803, 2778, 0.30820111188268434, 2779, 0.2253012979446406, 2780, 0.2210896623266119, 2781, 0.21353971785708062, 2782, 0.23912823271453554, 2783, 0.2025910722475245, 2784, 0.2209692829832095, 2785, 0.25707283438832135, 2786, 0.31765748419337386, 2787, 0.25464073418690325, 2788, 0.2333321964443842, 2789, 0.19921925343164912, 2790, 0.20665795791351393, 2791, 0.20847458287966686, 2792, 0.2361435930677297, 2793, 0.2356296484180232, 2794, 0.2616241768056812, 2795, 0.2976267657065258, 2796, 0.2639715051804376, 2797, 0.2632529275519563, 2798, 0.20781500759294283, 2799, 0.1922044752611565, 2800, 0.22029344338689127, 2801, 0.23058825586281528, 2802, 0.2121181626929775, 2803, 0.2209754712400074, 2804, 0.21572861785806383, 2805, 0.22409695244251157, 2806, 0.42872656633165335, 2807, 0.3479537635248509, 2808, 0.28214367472035756, 2809, 0.28893316490537796, 2810, 0.29518613668734645, 2811, 0.33227287126272076, 2812, 0.24331548196628552, 2813, 0.25205117339912414, 2814, 0.27859380300511444, 2815, 0.2312752171129395, 2816, 0.2218593576099107, 2817, 0.28822799781603886, 2818, 0.3593059034071424, 2819, 0.32411607629541395, 2820, 0.44826834459779435, 2821, 0.3257671899401571, 2822, 0.2185587502829015, 2823, 0.2104024728993879, 2824, 0.21748147735983211, 2825, 0.30388620814544015, 2826, 0.21464189697394168, 2827, 0.23031743326982437, 2828, 0.21378425050102387, 2829, 0.2630792949391031, 2830, 0.30646580407180585, 2831, 0.2652971330848661, 2832, 0.29648488863190986, 2833, 0.25856697352181673, 2834, 0.21265878959744902, 2835, 0.20697825476869716, 2836, 0.21993639415806157, 2837, 0.2647759747539341, 2838, 0.3993479715976371, 2839, 0.469094028742133, 2840, 0.4844246538127601, 2841, 0.2804015106661122, 2842, 0.25380764009605494, 2843, 0.3318264501577157, 2844, 0.2440745656045606, 2845, 0.2765940526147756, 2846, 0.24181814375841043, 2847, 0.2470680292046633, 2848, 0.21884007854100482, 2849, 0.2425030668736462, 2850, 0.31527863014127283, 2851, 0.3869272369008406, 2852, 0.6108955281830767, 2853, 0.4638024109813017, 2854, 0.27006452363687106, 2855, 0.33728098314311217, 2856, 0.3571632148005304, 2857, 0.26220448468072777, 2858, 0.23547222366098108, 2859, 0.30034946865857887, 2860, 0.2994466386551404, 2861, 0.2548404107479144, 2862, 0.2703032630970067, 2863, 0.24658446760322217, 2864, 0.2411248859329586, 2865, 0.23702273456277723, 2866, 0.2300604387036489, 2867, 0.18868246610056083, 2868, 0.270492044513586, 2869, 0.22002414259537426, 2870, 0.3295578096595331, 2871, 0.2597173156435998, 2872, 0.28213470596028617, 2873, 0.2576823616682108, 2874, 0.23399700918254618, 2875, 0.2144795250361995, 2876, 0.20601128723878845, 2877, 0.2242193231147722, 2878, 0.20966463420104695, 2879, 0.22391485253388235, 2880, 0.20285957515180436, 2881, 0.21216823758960296, 2882, 0.19945410922951193, 2883, 0.22169932460468567, 2884, 0.28546195461022367, 2885, 0.2160359212718612, 2886, 0.19447214557277115, 2887, 0.21843265019793948, 2888, 0.2505051575683659, 2889, 0.33343202923704085, 2890, 0.30939634054538595, 2891, 0.26852518753969556, 2892, 0.20799958135252725, 2893, 0.20701110007348125, 2894, 0.18705709338801513, 2895, 0.20303475446774116, 2896, 0.22749678380332825, 2897, 0.22374531905440442, 2898, 0.22704405610964912, 2899, 0.2549916624519919, 2900, 0.287782888764116, 2901, 0.3235332372194556, 2902, 0.46576786401344905, 2903, 0.4591793310574658, 2904, 0.26715625913501356, 2905, 0.2558952909462556, 2906, 0.29301264959610995, 2907, 0.33003607132555607, 2908, 0.3323101989705255, 2909, 0.21931382297504287, 2910, 0.29283114860767817, 2911, 0.2604366700866407, 2912, 0.21348813462588356, 2913, 0.1892349926088736, 2914, 0.24921146033067254, 2915, 0.2326792661897924, 2916, 0.22502648303428838, 2917, 0.1912863555828511, 2918, 0.19875664528776127, 2919, 0.18664611348763713, 2920, 0.20473542375558665, 2921, 0.22977724213398545, 2922, 0.22947416088150085, 2923, 0.19868972966023102, 2924, 0.20563759435125917, 2925, 0.18611567072812327, 2926, 0.17888661874107975, 2927, 0.17411883942059833, 2928, 0.2104516868808921, 2929, 0.19560354744674321, 2930, 0.19214354233027617, 2931, 0.17447779553072393, 2932, 0.18921023146117208, 2933, 0.19820207835064832, 2934, 0.3319749049273848, 2935, 0.25736501218268826, 2936, 0.19373305645147518, 2937, 0.2280572705218392, 2938, 0.23730109164625657, 2939, 0.24178992101490152, 2940, 0.25159589209613414, 2941, 0.25114793651023865, 2942, 0.24319325097119085, 2943, 0.19542055472925834, 2944, 0.2813659841523374, 2945, 0.22364594149987013, 2946, 0.21415533869057676, 2947, 0.17197209470929722, 2948, 0.1928986449432133, 2949, 0.2015787829295185, 2950, 0.20310910938767748, 2951, 0.233024486095785, 2952, 0.21745548734209005, 2953, 0.18319555911347574, 2954, 0.20085927559945752, 2955, 0.2155500752809172, 2956, 0.2562095691882377, 2957, 0.18565769057544973, 2958, 0.20193142464022815, 2959, 0.26530815045155554, 2960, 0.21020432307701914, 2961, 0.18860181197484, 2962, 0.18438687944118093, 2963, 0.19752303779677738, 2964, 0.20773653623422028, 2965, 0.18216335859594104, 2966, 0.3506928144637746, 2967, 0.3455741962510802, 2968, 0.40225899530202397, 2969, 0.2118569038200522, 2970, 0.3101148338380517, 2971, 0.4809777424963862, 2972, 0.39778757997533154, 2973, 0.3864609858037696, 2974, 0.2637908325042874, 2975, 0.4267271176130575, 2976, 0.9564351023006765, 2977, 0.8946033777340802, 2978, 0.29434447655673557, 2979, 0.42910609043827963, 2980, 0.7575407032062725, 2981, 0.2815079267879686, 2982, 0.2625611466682127, 2983, 0.3532981170918798, 2984, 0.34846105975833397, 2985, 0.26500070542299214, 2986, 0.2644755971390982, 2987, 0.20976225385009628, 2988, 0.2230764058482992, 2989, 0.24258340619358515, 2990, 0.23013037158041247, 2991, 0.2630021406714436, 2992, 0.23738860230004996, 2993, 0.2616201020272949, 2994, 0.23449731746670846, 2995, 0.2957019201159091, 2996, 0.2725689593738392, 2997, 0.21467574441383835, 2998, 0.1910597331761978, 2999, 0.2187368234297429, 3000, 0.20328886074315428]